n type, t_tot t_blk lambda s feedrate acc xr yr zr x y z
010 00 0.005 0.000 1.000 722.842 10000.0 0.000 100.000 100.000 50.000 500.000 500.000 500.000
010 00 0.010 0.005 1.000 722.842 10000.0 0.000 100.000 100.000 50.000 499.988 999.956 499.964
010 00 0.015 0.010 1.000 722.842 10000.0 0.000 100.000 100.000 50.000 499.658 999.335 498.962
010 00 0.020 0.015 1.000 722.842 10000.0 0.000 100.000 100.000 50.000 499.121 998.379 497.332
010 00 0.025 0.020 1.000 722.842 10000.0 0.000 100.000 100.000 50.000 496.978 994.583 490.849
010 00 0.030 0.025 1.000 722.842 10000.0 0.000 100.000 100.000 50.000 496.676 994.043 489.941
010 00 0.035 0.030 1.000 722.842 10000.0 0.000 100.000 100.000 50.000 494.976 990.970 484.851
010 00 0.040 0.035 1.000 722.842 10000.0 0.000 100.000 100.000 50.000 493.442 988.169 480.319
010 00 0.045 0.040 1.000 722.842 10000.0 0.000 100.000 100.000 50.000 489.249 980.254 468.091
010 00 0.050 0.045 1.000 722.842 10000.0 0.000 100.000 100.000 50.000 488.726 979.246 466.601
010 00 0.055 0.050 1.000 722.842 10000.0 0.000 100.000 100.000 50.000 486.079 974.087 459.123
010 00 0.060 0.055 1.000 722.842 10000.0 0.000 100.000 100.000 50.000 483.040 968.038 450.724
010 00 0.065 0.060 1.000 722.842 10000.0 0.000 100.000 100.000 50.000 478.536 958.841 438.573
010 00 0.070 0.065 1.000 722.842 10000.0 0.000 100.000 100.000 50.000 477.220 956.113 435.096
010 00 0.075 0.070 1.000 722.842 10000.0 0.000 100.000 100.000 50.000 473.672 948.598 425.914
010 00 0.080 0.075 1.000 722.842 10000.0 0.000 100.000 100.000 50.000 470.092 940.866 416.785
010 00 0.085 0.080 1.000 722.842 10000.0 0.000 100.000 100.000 50.000 462.998 925.114 399.312
010 00 0.090 0.085 1.000 722.842 10000.0 0.000 100.000 100.000 50.000 458.858 915.700 389.468
010 00 0.095 0.090 1.000 722.842 10000.0 0.000 100.000 100.000 50.000 458.858 915.700 389.468
010 00 0.100 0.095 1.000 722.842 10000.0 0.000 100.000 100.000 50.000 458.858 915.700 389.468
010 00 0.105 0.100 1.000 722.842 10000.0 0.000 100.000 100.000 50.000 454.305 905.155 378.937
010 00 0.110 0.105 1.000 722.842 10000.0 0.000 100.000 100.000 50.000 445.598 884.290 359.510
010 00 0.115 0.110 1.000 722.842 10000.0 0.000 100.000 100.000 50.000 441.289 873.709 350.241
010 00 0.120 0.115 1.000 722.842 10000.0 0.000 100.000 100.000 50.000 441.289 873.709 350.241
010 00 0.125 0.120 1.000 722.842 10000.0 0.000 100.000 100.000 50.000 431.351 848.766 329.717
010 00 0.130 0.125 1.000 722.842 10000.0 0.000 100.000 100.000 50.000 429.661 844.471 326.347
010 00 0.135 0.130 1.000 722.842 10000.0 0.000 100.000 100.000 50.000 427.858 839.806 322.742
010 00 0.140 0.135 1.000 722.842 10000.0 0.000 100.000 100.000 50.000 423.326 828.119 313.936
010 00 0.145 0.140 1.000 722.842 10000.0 0.000 100.000 100.000 50.000 410.850 795.206 290.711
010 00 0.150 0.145 1.000 722.842 10000.0 0.000 100.000 100.000 50.000 406.207 782.762 282.453
010 00 0.155 0.150 1.000 722.842 10000.0 0.000 100.000 100.000 50.000 406.207 782.762 282.453
010 00 0.160 0.155 1.000 722.842 10000.0 0.000 100.000 100.000 50.000 406.207 782.762 282.453
010 00 0.165 0.160 1.000 722.842 10000.0 0.000 100.000 100.000 50.000 393.352 748.064 260.599
010 00 0.170 0.165 1.000 722.842 10000.0 0.000 100.000 100.000 50.000 391.555 743.179 257.655
010 00 0.175 0.170 0.995 719.457 10000.0 0.000 100.000 100.000 50.000 386.407 729.150 249.399
010 00 0.180 0.175 0.995 719.457 10000.0 0.000 100.000 100.000 50.000 386.407 729.150 249.399
010 00 0.185 0.180 0.938 678.038 10000.0 0.000 100.000 100.000 50.000 373.513 693.842 229.659
010 00 0.190 0.185 0.917 662.526 10000.0 0.000 100.000 100.000 50.000 368.673 680.492 222.596
010 00 0.195 0.190 0.917 662.526 10000.0 0.000 100.000 100.000 50.000 368.673 680.492 222.596
010 00 0.200 0.195 0.917 662.526 10000.0 0.000 100.000 100.000 50.000 368.673 680.492 222.596
010 00 0.205 0.200 0.857 619.734 10000.0 0.000 100.000 100.000 50.000 355.177 643.405 203.840
010 00 0.210 0.205 0.838 605.418 10000.0 0.000 100.000 100.000 50.000 350.620 630.914 197.819
010 00 0.215 0.210 0.838 605.418 10000.0 0.000 100.000 100.000 50.000 350.620 630.914 197.819
010 00 0.220 0.215 0.838 605.418 10000.0 0.000 100.000 100.000 50.000 350.620 630.914 197.819
010 00 0.225 0.220 0.793 573.480 10000.0 0.000 100.000 100.000 50.000 340.391 602.904 184.850
010 00 0.230 0.225 0.775 559.852 10000.0 0.000 100.000 100.000 50.000 335.986 590.893 179.507
010 00 0.235 0.230 0.756 546.414 10000.0 0.000 100.000 100.000 50.000 331.624 579.025 174.333
010 00 0.240 0.235 0.756 546.414 10000.0 0.000 100.000 100.000 50.000 331.624 579.025 174.333
010 00 0.245 0.240 0.718 518.994 10000.0 0.000 100.000 100.000 50.000 322.655 554.713 164.092
010 00 0.250 0.245 0.700 505.882 10000.0 0.000 100.000 100.000 50.000 318.325 543.054 159.334
010 00 0.255 0.250 0.680 491.801 10000.0 0.000 100.000 100.000 50.000 313.656 530.500 154.348
010 00 0.260 0.255 0.680 491.801 10000.0 0.000 100.000 100.000 50.000 313.656 530.500 154.348
010 00 0.265 0.260 0.646 466.893 10000.0 0.000 100.000 100.000 50.000 305.308 508.249 145.764
010 00 0.270 0.265 0.629 455.022 10000.0 0.000 100.000 100.000 50.000 301.293 497.617 141.798
010 00 0.275 0.270 0.613 443.371 10000.0 0.000 100.000 100.000 50.000 297.334 487.171 137.976
010 00 0.280 0.275 0.613 443.371 10000.0 0.000 100.000 100.000 50.000 297.334 487.171 137.976
010 00 0.285 0.280 0.585 422.519 10000.0 0.000 100.000 100.000 50.000 290.176 468.434 131.316
010 00 0.290 0.285 0.581 419.956 10000.0 0.000 100.000 100.000 50.000 289.286 466.131 130.510
010 00 0.295 0.290 0.566 408.999 10000.0 0.000 100.000 100.000 50.000 285.493 456.267 127.123
010 00 0.300 0.295 0.566 408.999 10000.0 0.000 100.000 100.000 50.000 285.493 456.267 127.123
010 00 0.305 0.300 0.550 397.765 10000.0 0.000 100.000 100.000 50.000 281.580 446.141 123.703
010 00 0.310 0.305 0.525 379.187 10000.0 0.000 100.000 100.000 50.000 275.019 429.394 118.198
010 00 0.315 0.310 0.511 369.072 10000.0 0.000 100.000 100.000 50.000 271.420 420.262 115.279
010 00 0.320 0.315 0.511 369.072 10000.0 0.000 100.000 100.000 50.000 271.420 420.262 115.279
010 00 0.325 0.320 0.495 358.016 10000.0 0.000 100.000 100.000 50.000 267.450 410.284 112.141
010 00 0.330 0.325 0.474 342.607 10000.0 0.000 100.000 100.000 50.000 261.876 396.352 107.890
010 00 0.335 0.330 0.469 338.807 10000.0 0.000 100.000 100.000 50.000 260.491 392.917 106.855
010 00 0.340 0.335 0.458 331.089 10000.0 0.000 100.000 100.000 50.000 257.671 385.938 104.785
010 00 0.345 0.340 0.446 322.121 10000.0 0.000 100.000 100.000 50.000 254.355 377.829 102.412
010 00 0.350 0.345 0.423 305.927 10000.0 0.000 100.000 100.000 50.000 248.324 363.183 98.238
010 00 0.355 0.350 0.421 303.978 10000.0 0.000 100.000 100.000 50.000 247.594 361.418 97.741
010 00 0.360 0.355 0.409 295.597 10000.0 0.000 100.000 100.000 50.000 244.431 353.842 95.646
010 00 0.365 0.360 0.399 288.767 10000.0 0.000 100.000 100.000 50.000 241.836 347.661 93.966
010 00 0.370 0.365 0.382 276.233 10000.0 0.000 100.000 100.000 50.000 237.040 336.324 90.946
010 00 0.375 0.370 0.378 273.136 10000.0 0.000 100.000 100.000 50.000 235.834 333.529 90.208
010 00 0.380 0.375 0.367 265.553 10000.0 0.000 100.000 100.000 50.000 232.900 326.668 88.438
010 00 0.385 0.380 0.356 257.323 10000.0 0.000 100.000 100.000 50.000 229.685 319.229 86.544
010 00 0.390 0.385 0.337 243.740 10000.0 0.000 100.000 100.000 50.000 224.316 306.959 83.509
010 00 0.395 0.390 0.328 236.905 10000.0 0.000 100.000 100.000 50.000 221.587 300.790 82.018
010 00 0.400 0.395 0.328 236.905 10000.0 0.000 100.000 100.000 50.000 221.587 300.790 82.018
010 00 0.405 0.400 0.303 218.728 10000.0 0.000 100.000 100.000 50.000 214.221 284.393 78.185
010 00 0.410 0.405 0.299 216.028 10000.0 0.000 100.000 100.000 50.000 213.116 281.959 77.632
010 00 0.415 0.410 0.290 209.908 10000.0 0.000 100.000 100.000 50.000 210.596 276.450 76.392
010 00 0.420 0.415 0.290 209.908 10000.0 0.000 100.000 100.000 50.000 210.596 276.450 76.392
010 00 0.425 0.420 0.269 194.709 10000.0 0.000 100.000 100.000 50.000 204.235 262.785 73.401
010 00 0.430 0.425 0.269 194.709 10000.0 0.000 100.000 100.000 50.000 204.235 262.785 73.401
010 00 0.435 0.430 0.261 188.831 10000.0 0.000 100.000 100.000 50.000 201.748 257.506 72.282
010 00 0.440 0.435 0.261 188.831 10000.0 0.000 100.000 100.000 50.000 201.748 257.506 72.282
010 00 0.445 0.440 0.246 177.795 10000.0 0.000 100.000 100.000 50.000 197.014 247.614 70.236
010 00 0.450 0.445 0.243 175.556 10000.0 0.000 100.000 100.000 50.000 196.051 245.621 69.830
010 00 0.455 0.450 0.240 173.440 10000.0 0.000 100.000 100.000 50.000 195.128 243.725 69.451
010 00 0.460 0.455 0.233 168.363 10000.0 0.000 100.000 100.000 50.000 192.913 239.175 68.547
010 00 0.465 0.460 0.219 157.966 10000.0 0.000 100.000 100.000 50.000 188.319 229.895 66.747
010 00 0.470 0.465 0.216 156.272 10000.0 0.000 100.000 100.000 50.000 187.562 228.386 66.460
010 00 0.475 0.470 0.214 154.435 10000.0 0.000 100.000 100.000 50.000 186.739 226.750 66.152
010 00 0.480 0.475 0.208 149.996 10000.0 0.000 100.000 100.000 50.000 184.745 222.800 65.413
010 00 0.485 0.480 0.195 140.808 10000.0 0.000 100.000 100.000 50.000 180.568 214.638 63.929
010 00 0.490 0.485 0.193 139.233 10000.0 0.000 100.000 100.000 50.000 179.846 213.242 63.679
010 00 0.495 0.490 0.190 137.588 10000.0 0.000 100.000 100.000 50.000 179.087 211.783 63.421
010 00 0.500 0.495 0.185 133.625 10000.0 0.000 100.000 100.000 50.000 177.258 208.275 62.807
010 00 0.505 0.500 0.172 124.374 10000.0 0.000 100.000 100.000 50.000 172.926 200.103 61.413
010 00 0.510 0.505 0.170 122.998 10000.0 0.000 100.000 100.000 50.000 172.274 198.890 61.210
010 00 0.515 0.510 0.169 122.239 10000.0 0.000 100.000 100.000 50.000 171.914 198.222 61.100
010 00 0.520 0.515 0.164 118.673 10000.0 0.000 100.000 100.000 50.000 170.216 195.085 60.583
010 00 0.525 0.520 0.153 110.626 10000.0 0.000 100.000 100.000 50.000 166.340 188.022 59.455
010 00 0.530 0.525 0.149 107.370 10000.0 0.000 100.000 100.000 50.000 164.751 185.172 59.014
010 00 0.535 0.530 0.144 103.869 10000.0 0.000 100.000 100.000 50.000 163.031 182.116 58.546
010 00 0.540 0.535 0.144 103.869 10000.0 0.000 100.000 100.000 50.000 163.031 182.116 58.546
010 00 0.545 0.540 0.136 98.398 10000.0 0.000 100.000 100.000 50.000 160.314 177.350 57.834
010 00 0.550 0.545 0.132 95.539 10000.0 0.000 100.000 100.000 50.000 158.879 174.867 57.469
010 00 0.555 0.550 0.128 92.692 10000.0 0.000 100.000 100.000 50.000 157.444 172.398 57.116
010 00 0.560 0.555 0.128 92.692 10000.0 0.000 100.000 100.000 50.000 157.444 172.398 57.116
010 00 0.565 0.560 0.121 87.487 10000.0 0.000 100.000 100.000 50.000 154.791 167.896 56.483
010 00 0.570 0.565 0.117 84.916 10000.0 0.000 100.000 100.000 50.000 153.470 165.684 56.180
010 00 0.575 0.570 0.114 82.422 10000.0 0.000 100.000 100.000 50.000 152.176 163.533 55.890
010 00 0.580 0.575 0.114 82.422 10000.0 0.000 100.000 100.000 50.000 152.176 163.533 55.890
010 00 0.585 0.580 0.107 77.520 10000.0 0.000 100.000 100.000 50.000 149.608 159.330 55.334
010 00 0.590 0.585 0.104 74.897 10000.0 0.000 100.000 100.000 50.000 148.217 157.089 55.046
010 00 0.595 0.590 0.101 72.707 10000.0 0.000 100.000 100.000 50.000 147.050 155.223 54.809
010 00 0.600 0.595 0.101 72.707 10000.0 0.000 100.000 100.000 50.000 147.050 155.223 54.809
010 00 0.605 0.600 0.101 72.707 10000.0 0.000 100.000 100.000 50.000 147.050 155.223 54.809
010 00 0.610 0.605 0.094 68.080 10000.0 0.000 100.000 100.000 50.000 144.554 151.295 54.324
010 00 0.615 0.610 0.091 66.087 10000.0 0.000 100.000 100.000 50.000 143.466 149.610 54.120
010 00 0.620 0.615 0.091 66.087 10000.0 0.000 100.000 100.000 50.000 143.466 149.610 54.120
010 00 0.625 0.620 0.086 61.929 10000.0 0.000 100.000 100.000 50.000 141.177 146.109 53.707
010 00 0.630 0.625 0.085 61.280 10000.0 0.000 100.000 100.000 50.000 140.815 145.565 53.644
010 00 0.635 0.630 0.083 60.194 10000.0 0.000 100.000 100.000 50.000 140.210 144.654 53.540
010 00 0.640 0.635 0.081 58.771 10000.0 0.000 100.000 100.000 50.000 139.417 143.461 53.404
010 00 0.645 0.640 0.075 54.139 10000.0 0.000 100.000 100.000 50.000 136.793 139.606 52.977
010 00 0.650 0.645 0.073 52.458 10000.0 0.000 100.000 100.000 50.000 135.834 138.213 52.828
010 00 0.655 0.650 0.073 52.458 10000.0 0.000 100.000 100.000 50.000 135.834 138.213 52.828
010 00 0.660 0.655 0.073 52.458 10000.0 0.000 100.000 100.000 50.000 135.834 138.213 52.828
010 00 0.665 0.660 0.068 49.104 10000.0 0.000 100.000 100.000 50.000 133.888 135.449 52.537
010 00 0.670 0.665 0.067 48.444 10000.0 0.000 100.000 100.000 50.000 133.502 134.904 52.481
010 00 0.675 0.670 0.067 48.149 10000.0 0.000 100.000 100.000 50.000 133.329 134.662 52.456
010 00 0.680 0.675 0.065 46.756 10000.0 0.000 100.000 100.000 50.000 132.511 133.522 52.341
010 00 0.685 0.680 0.060 43.717 10000.0 0.000 100.000 100.000 50.000 130.709 131.044 52.096
010 00 0.690 0.685 0.060 43.266 10000.0 0.000 100.000 100.000 50.000 130.440 130.678 52.060
010 00 0.695 0.690 0.059 42.704 10000.0 0.000 100.000 100.000 50.000 130.102 130.223 52.016
010 00 0.700 0.695 0.057 41.455 10000.0 0.000 100.000 100.000 50.000 129.353 129.213 51.920
010 00 0.705 0.700 0.053 38.524 10000.0 0.000 100.000 100.000 50.000 127.570 126.854 51.701
010 00 0.710 0.705 0.053 38.111 10000.0 0.000 100.000 100.000 50.000 127.316 126.524 51.671
010 00 0.715 0.710 0.051 36.878 10000.0 0.000 100.000 100.000 50.000 126.558 125.538 51.582
010 00 0.720 0.715 0.051 36.878 10000.0 0.000 100.000 100.000 50.000 126.558 125.538 51.582
010 00 0.725 0.720 0.048 34.526 10000.0 0.000 100.000 100.000 50.000 125.095 123.670 51.418
010 00 0.730 0.725 0.047 34.155 10000.0 0.000 100.000 100.000 50.000 124.863 123.377 51.393
010 00 0.735 0.730 0.047 33.753 10000.0 0.000 100.000 100.000 50.000 124.611 123.060 51.366
010 00 0.740 0.735 0.045 32.781 10000.0 0.000 100.000 100.000 50.000 123.998 122.294 51.301
010 00 0.745 0.740 0.042 30.583 10000.0 0.000 100.000 100.000 50.000 122.601 120.572 51.158
010 00 0.750 0.745 0.042 30.221 10000.0 0.000 100.000 100.000 50.000 122.370 120.290 51.136
010 00 0.755 0.750 0.042 30.034 10000.0 0.000 100.000 100.000 50.000 122.248 120.144 51.124
010 00 0.760 0.755 0.040 29.267 10000.0 0.000 100.000 100.000 50.000 121.755 119.549 51.076
010 00 0.765 0.760 0.038 27.484 10000.0 0.000 100.000 100.000 50.000 120.598 118.170 50.969
010 00 0.770 0.765 0.038 27.109 10000.0 0.000 100.000 100.000 50.000 120.354 117.881 50.946
010 00 0.775 0.770 0.037 26.791 10000.0 0.000 100.000 100.000 50.000 120.146 117.637 50.928
010 00 0.780 0.775 0.036 25.943 10000.0 0.000 100.000 100.000 50.000 119.587 116.987 50.879
010 00 0.785 0.780 0.034 24.616 10000.0 0.000 100.000 100.000 50.000 118.710 115.977 50.805
010 00 0.790 0.785 0.034 24.339 10000.0 0.000 100.000 100.000 50.000 118.525 115.767 50.789
010 00 0.795 0.790 0.033 23.917 10000.0 0.000 100.000 100.000 50.000 118.243 115.447 50.766
010 00 0.800 0.795 0.032 23.203 10000.0 0.000 100.000 100.000 50.000 117.765 114.909 50.728
010 00 0.805 0.800 0.030 21.415 10000.0 0.000 100.000 100.000 50.000 116.555 113.569 50.636
010 00 0.810 0.805 0.029 20.763 10000.0 0.000 100.000 100.000 50.000 116.110 113.086 50.603
010 00 0.815 0.810 0.029 20.763 10000.0 0.000 100.000 100.000 50.000 116.110 113.086 50.603
010 00 0.820 0.815 0.029 20.763 10000.0 0.000 100.000 100.000 50.000 116.110 113.086 50.603
010 00 0.825 0.820 0.027 19.400 10000.0 0.000 100.000 100.000 50.000 115.171 112.079 50.537
010 00 0.830 0.825 0.027 19.210 10000.0 0.000 100.000 100.000 50.000 115.040 111.940 50.528
010 00 0.835 0.830 0.026 18.960 10000.0 0.000 100.000 100.000 50.000 114.866 111.756 50.517
010 00 0.840 0.835 0.026 18.521 10000.0 0.000 100.000 100.000 50.000 114.561 111.436 50.496
010 00 0.845 0.840 0.024 17.205 10000.0 0.000 100.000 100.000 50.000 113.637 110.480 50.438
010 00 0.850 0.845 0.024 17.030 10000.0 0.000 100.000 100.000 50.000 113.514 110.354 50.430
010 00 0.855 0.850 0.023 16.548 10000.0 0.000 100.000 100.000 50.000 113.173 110.008 50.409
010 00 0.860 0.855 0.023 16.548 10000.0 0.000 100.000 100.000 50.000 113.173 110.008 50.409
010 00 0.865 0.860 0.021 15.522 10000.0 0.000 100.000 100.000 50.000 112.441 109.275 50.367
010 00 0.870 0.865 0.021 15.341 10000.0 0.000 100.000 100.000 50.000 112.312 109.147 50.360
010 00 0.875 0.870 0.021 15.160 10000.0 0.000 100.000 100.000 50.000 112.181 109.018 50.352
010 00 0.880 0.875 0.020 14.708 10000.0 0.000 100.000 100.000 50.000 111.855 108.699 50.334
010 00 0.885 0.880 0.019 13.780 10000.0 0.000 100.000 100.000 50.000 111.182 108.049 50.299
010 00 0.890 0.885 0.019 13.634 10000.0 0.000 100.000 100.000 50.000 111.075 107.947 50.293
010 00 0.895 0.890 0.019 13.553 10000.0 0.000 100.000 100.000 50.000 111.016 107.890 50.290
010 00 0.900 0.895 0.018 13.168 10000.0 0.000 100.000 100.000 50.000 110.734 107.623 50.276
010 00 0.905 0.900 0.017 12.209 10000.0 0.000 100.000 100.000 50.000 110.025 106.963 50.242
010 00 0.910 0.905 0.017 12.074 10000.0 0.000 100.000 100.000 50.000 109.926 106.871 50.238
010 00 0.915 0.910 0.016 11.730 10000.0 0.000 100.000 100.000 50.000 109.669 106.637 50.226
010 00 0.920 0.915 0.016 11.730 10000.0 0.000 100.000 100.000 50.000 109.669 106.637 50.226
010 00 0.925 0.920 0.015 11.079 10000.0 0.000 100.000 100.000 50.000 109.182 106.197 50.205
010 00 0.930 0.925 0.015 10.951 10000.0 0.000 100.000 100.000 50.000 109.085 106.111 50.201
010 00 0.935 0.930 0.015 10.764 10000.0 0.000 100.000 100.000 50.000 108.945 105.986 50.195
010 00 0.940 0.935 0.014 10.463 10000.0 0.000 100.000 100.000 50.000 108.717 105.784 50.185
010 00 0.945 0.940 0.014 9.837 10000.0 0.000 100.000 100.000 50.000 108.241 105.370 50.166
010 00 0.950 0.945 0.013 9.551 10000.0 0.000 100.000 100.000 50.000 108.022 105.181 50.158
010 00 0.955 0.950 0.013 9.283 10000.0 0.000 100.000 100.000 50.000 107.817 105.006 50.150
010 00 0.960 0.955 0.013 9.283 10000.0 0.000 100.000 100.000 50.000 107.817 105.006 50.150
010 00 0.965 0.960 0.012 8.758 10000.0 0.000 100.000 100.000 50.000 107.411 104.666 50.136
010 00 0.970 0.965 0.012 8.502 10000.0 0.000 100.000 100.000 50.000 107.212 104.501 50.129
010 00 0.975 0.970 0.011 8.262 10000.0 0.000 100.000 100.000 50.000 107.025 104.347 50.123
010 00 0.980 0.975 0.011 8.262 10000.0 0.000 100.000 100.000 50.000 107.025 104.347 50.123
010 00 0.985 0.980 0.011 7.843 10000.0 0.000 100.000 100.000 50.000 106.697 104.081 50.112
010 00 0.990 0.985 0.011 7.792 10000.0 0.000 100.000 100.000 50.000 106.657 104.049 50.111
010 00 0.995 0.990 0.010 7.564 10000.0 0.000 100.000 100.000 50.000 106.477 103.905 50.105
010 00 1.000 0.995 0.010 7.389 10000.0 0.000 100.000 100.000 50.000 106.339 103.796 50.101
010 00 1.005 1.000 0.010 6.996 10000.0 0.000 100.000 100.000 50.000 106.027 103.551 50.091
010 00 1.010 1.005 0.009 6.802 10000.0 0.000 100.000 100.000 50.000 105.872 103.431 50.087
010 00 1.015 1.010 0.009 6.593 10000.0 0.000 100.000 100.000 50.000 105.705 103.303 50.082
010 00 1.020 1.015 0.009 6.593 10000.0 0.000 100.000 100.000 50.000 105.705 103.303 50.082
010 00 1.025 1.020 0.009 6.593 10000.0 0.000 100.000 100.000 50.000 105.705 103.303 50.082
010 00 1.030 1.025 0.009 6.593 10000.0 0.000 100.000 100.000 50.000 105.705 103.303 50.082
010 00 1.035 1.030 0.009 6.593 10000.0 0.000 100.000 100.000 50.000 105.705 103.303 50.082
010 00 1.040 1.035 0.009 6.241 10000.0 0.000 100.000 100.000 50.000 105.423 103.089 50.075
010 00 1.045 1.040 0.008 6.068 10000.0 0.000 100.000 100.000 50.000 105.283 102.984 50.071
010 00 1.050 1.045 0.008 5.887 10000.0 0.000 100.000 100.000 50.000 105.137 102.876 50.067
010 00 1.055 1.050 0.008 5.632 10000.0 0.000 100.000 100.000 50.000 104.929 102.723 50.062
010 00 1.060 1.055 0.008 5.568 10000.0 0.000 100.000 100.000 50.000 104.877 102.685 50.061
010 00 1.065 1.060 0.007 5.410 10000.0 0.000 100.000 100.000 50.000 104.748 102.592 50.058
010 00 1.070 1.065 0.007 5.244 10000.0 0.000 100.000 100.000 50.000 104.613 102.496 50.055
010 00 1.075 1.070 0.007 5.030 10000.0 0.000 100.000 100.000 50.000 104.437 102.371 50.051
010 00 1.080 1.075 0.007 4.971 10000.0 0.000 100.000 100.000 50.000 104.388 102.336 50.050
010 00 1.085 1.080 0.007 4.861 10000.0 0.000 100.000 100.000 50.000 104.297 102.273 50.048
010 00 1.090 1.085 0.007 4.712 10000.0 0.000 100.000 100.000 50.000 104.173 102.187 50.045
010 00 1.095 1.090 0.006 4.494 10000.0 0.000 100.000 100.000 50.000 103.992 102.063 50.042
010 00 1.100 1.095 0.006 4.466 10000.0 0.000 100.000 100.000 50.000 103.969 102.047 50.041
010 00 1.105 1.100 0.006 4.343 10000.0 0.000 100.000 100.000 50.000 103.867 101.978 50.039
010 00 1.110 1.105 0.006 4.223 10000.0 0.000 100.000 100.000 50.000 103.766 101.911 50.037
010 00 1.115 1.110 0.006 4.032 10000.0 0.000 100.000 100.000 50.000 103.606 101.804 50.034
010 00 1.120 1.115 0.006 4.009 10000.0 0.000 100.000 100.000 50.000 103.586 101.791 50.034
010 00 1.125 1.120 0.005 3.891 10000.0 0.000 100.000 100.000 50.000 103.487 101.726 50.032
010 00 1.130 1.125 0.005 3.780 10000.0 0.000 100.000 100.000 50.000 103.394 101.666 50.031
010 00 1.135 1.130 0.005 3.602 10000.0 0.000 100.000 100.000 50.000 103.242 101.569 50.028
010 00 1.140 1.135 0.005 3.579 10000.0 0.000 100.000 100.000 50.000 103.223 101.556 50.028
010 00 1.145 1.140 0.005 3.470 10000.0 0.000 100.000 100.000 50.000 103.130 101.498 50.026
010 00 1.150 1.145 0.005 3.391 10000.0 0.000 100.000 100.000 50.000 103.063 101.456 50.025
010 00 1.155 1.150 0.004 3.248 10000.0 0.000 100.000 100.000 50.000 102.940 101.380 50.023
010 00 1.160 1.155 0.004 3.211 10000.0 0.000 100.000 100.000 50.000 102.909 101.360 50.023
010 00 1.165 1.160 0.004 3.123 10000.0 0.000 100.000 100.000 50.000 102.833 101.314 50.022
010 00 1.170 1.165 0.004 3.028 10000.0 0.000 100.000 100.000 50.000 102.752 101.264 50.020
010 00 1.175 1.170 0.004 2.894 10000.0 0.000 100.000 100.000 50.000 102.636 101.195 50.019
010 00 1.180 1.175 0.004 2.878 10000.0 0.000 100.000 100.000 50.000 102.622 101.187 50.019
010 00 1.185 1.180 0.004 2.799 10000.0 0.000 100.000 100.000 50.000 102.554 101.146 50.018
010 00 1.190 1.185 0.004 2.721 10000.0 0.000 100.000 100.000 50.000 102.486 101.106 50.017
010 00 1.195 1.190 0.004 2.606 10000.0 0.000 100.000 100.000 50.000 102.386 101.049 50.016
010 00 1.200 1.195 0.004 2.577 10000.0 0.000 100.000 100.000 50.000 102.360 101.034 50.015
010 00 1.205 1.200 0.003 2.506 10000.0 0.000 100.000 100.000 50.000 102.299 100.999 50.015
010 00 1.210 1.205 0.003 2.437 10000.0 0.000 100.000 100.000 50.000 102.238 100.964 50.014
010 00 1.215 1.210 0.003 2.336 10000.0 0.000 100.000 100.000 50.000 102.149 100.914 50.013
010 00 1.220 1.215 0.003 2.310 10000.0 0.000 100.000 100.000 50.000 102.126 100.901 50.013
010 00 1.225 1.220 0.003 2.247 10000.0 0.000 100.000 100.000 50.000 102.071 100.871 50.012
010 00 1.230 1.225 0.003 2.186 10000.0 0.000 100.000 100.000 50.000 102.017 100.841 50.011
010 00 1.235 1.230 0.003 2.097 10000.0 0.000 100.000 100.000 50.000 101.939 100.799 50.011
010 00 1.240 1.235 0.003 2.071 10000.0 0.000 100.000 100.000 50.000 101.916 100.786 50.010
010 00 1.245 1.240 0.003 2.009 10000.0 0.000 100.000 100.000 50.000 101.861 100.757 50.010
010 00 1.250 1.245 0.003 1.965 10000.0 0.000 100.000 100.000 50.000 101.822 100.736 50.009
010 00 1.255 1.250 0.003 1.876 10000.0 0.000 100.000 100.000 50.000 101.743 100.694 50.009
010 00 1.260 1.255 0.003 1.865 10000.0 0.000 100.000 100.000 50.000 101.733 100.689 50.008
010 00 1.265 1.260 0.003 1.815 10000.0 0.000 100.000 100.000 50.000 101.688 100.666 50.008
010 00 1.270 1.265 0.002 1.765 10000.0 0.000 100.000 100.000 50.000 101.644 100.643 50.008
010 00 1.275 1.270 0.002 1.676 10000.0 0.000 100.000 100.000 50.000 101.564 100.602 50.007
010 00 1.280 1.275 0.002 1.667 10000.0 0.000 100.000 100.000 50.000 101.556 100.598 50.007
010 00 1.285 1.280 0.002 1.622 10000.0 0.000 100.000 100.000 50.000 101.515 100.578 50.007
010 00 1.290 1.285 0.002 1.578 10000.0 0.000 100.000 100.000 50.000 101.476 100.558 50.006
010 00 1.295 1.290 0.002 1.507 10000.0 0.000 100.000 100.000 50.000 101.412 100.527 50.006
010 00 1.300 1.295 0.002 1.498 10000.0 0.000 100.000 100.000 50.000 101.404 100.523 50.006
010 00 1.305 1.300 0.002 1.458 10000.0 0.000 100.000 100.000 50.000 101.368 100.505 50.005
010 00 1.310 1.305 0.002 1.415 10000.0 0.000 100.000 100.000 50.000 101.329 100.487 50.005
010 00 1.315 1.310 0.002 1.354 10000.0 0.000 100.000 100.000 50.000 101.273 100.460 50.005
010 00 1.320 1.315 0.002 1.346 10000.0 0.000 100.000 100.000 50.000 101.266 100.457 50.005
010 00 1.325 1.320 0.002 1.309 10000.0 0.000 100.000 100.000 50.000 101.232 100.441 50.004
010 00 1.330 1.325 0.002 1.270 10000.0 0.000 100.000 100.000 50.000 101.197 100.425 50.004
010 00 1.335 1.330 0.002 1.213 10000.0 0.000 100.000 100.000 50.000 101.145 100.401 50.004
010 00 1.340 1.335 0.002 1.206 10000.0 0.000 100.000 100.000 50.000 101.138 100.397 50.004
010 00 1.345 1.340 0.002 1.169 10000.0 0.000 100.000 100.000 50.000 101.105 100.382 50.004
010 00 1.350 1.345 0.002 1.143 10000.0 0.000 100.000 100.000 50.000 101.081 100.372 50.003
010 00 1.355 1.350 0.002 1.095 10000.0 0.000 100.000 100.000 50.000 101.037 100.352 50.003
010 00 1.360 1.355 0.001 1.083 10000.0 0.000 100.000 100.000 50.000 101.026 100.347 50.003
010 00 1.365 1.360 0.001 1.053 10000.0 0.000 100.000 100.000 50.000 100.999 100.335 50.003
010 00 1.370 1.365 0.001 1.022 10000.0 0.000 100.000 100.000 50.000 100.969 100.322 50.003
010 00 1.375 1.370 0.001 0.981 10000.0 0.000 100.000 100.000 50.000 100.932 100.306 50.003
010 00 1.380 1.375 0.001 0.970 10000.0 0.000 100.000 100.000 50.000 100.922 100.302 50.003
010 00 1.385 1.380 0.001 0.948 10000.0 0.000 100.000 100.000 50.000 100.902 100.293 50.002
010 00 1.390 1.385 0.001 0.920 10000.0 0.000 100.000 100.000 50.000 100.876 100.282 50.002
010 00 1.395 1.390 0.001 0.881 10000.0 0.000 100.000 100.000 50.000 100.839 100.267 50.002
010 00 1.400 1.395 0.001 0.871 10000.0 0.000 100.000 100.000 50.000 100.830 100.263 50.002
010 00 1.405 1.400 0.001 0.852 10000.0 0.000 100.000 100.000 50.000 100.813 100.256 50.002
010 00 1.410 1.405 0.001 0.829 10000.0 0.000 100.000 100.000 50.000 100.792 100.247 50.002
010 00 1.415 1.410 0.001 0.791 10000.0 0.000 100.000 100.000 50.000 100.756 100.233 50.002
010 00 1.420 1.415 0.001 0.783 10000.0 0.000 100.000 100.000 50.000 100.748 100.230 50.002
010 00 1.425 1.420 0.001 0.761 10000.0 0.000 100.000 100.000 50.000 100.728 100.222 50.002
010 00 1.430 1.425 0.001 0.743 10000.0 0.000 100.000 100.000 50.000 100.711 100.215 50.002
010 00 1.435 1.430 0.001 0.711 10000.0 0.000 100.000 100.000 50.000 100.681 100.203 50.001
010 00 1.440 1.435 0.001 0.703 10000.0 0.000 100.000 100.000 50.000 100.674 100.200 50.001
010 00 1.445 1.440 0.001 0.683 10000.0 0.000 100.000 100.000 50.000 100.655 100.193 50.001
010 00 1.450 1.445 0.001 0.668 10000.0 0.000 100.000 100.000 50.000 100.641 100.187 50.001
010 00 1.455 1.450 0.001 0.638 10000.0 0.000 100.000 100.000 50.000 100.613 100.177 50.001
010 00 1.460 1.455 0.001 0.631 10000.0 0.000 100.000 100.000 50.000 100.607 100.175 50.001
010 00 1.465 1.460 0.001 0.614 10000.0 0.000 100.000 100.000 50.000 100.591 100.169 50.001
010 00 1.470 1.465 0.001 0.601 10000.0 0.000 100.000 100.000 50.000 100.578 100.164 50.001
010 00 1.475 1.470 0.001 0.573 10000.0 0.000 100.000 100.000 50.000 100.552 100.154 50.001
010 00 1.480 1.475 0.001 0.570 10000.0 0.000 100.000 100.000 50.000 100.549 100.153 50.001
010 00 1.485 1.480 0.001 0.554 10000.0 0.000 100.000 100.000 50.000 100.534 100.148 50.001
010 00 1.490 1.485 0.001 0.538 10000.0 0.000 100.000 100.000 50.000 100.519 100.142 50.001
010 00 1.495 1.490 0.001 0.515 10000.0 0.000 100.000 100.000 50.000 100.497 100.134 50.001
010 00 1.500 1.495 0.001 0.512 10000.0 0.000 100.000 100.000 50.000 100.494 100.133 50.001
010 00 1.505 1.500 0.001 0.497 10000.0 0.000 100.000 100.000 50.000 100.480 100.129 50.001
010 00 1.510 1.505 0.001 0.483 10000.0 0.000 100.000 100.000 50.000 100.467 100.124 50.001
010 00 1.515 1.510 0.001 0.461 10000.0 0.000 100.000 100.000 50.000 100.446 100.117 50.001
010 00 1.520 1.515 0.001 0.459 10000.0 0.000 100.000 100.000 50.000 100.444 100.116 50.001
010 00 1.525 1.520 0.001 0.446 10000.0 0.000 100.000 100.000 50.000 100.432 100.112 50.001
010 00 1.530 1.525 0.001 0.433 10000.0 0.000 100.000 100.000 50.000 100.419 100.108 50.001
010 00 1.535 1.530 0.001 0.412 10000.0 0.000 100.000 100.000 50.000 100.400 100.101 50.001
010 00 1.540 1.535 0.001 0.401 10000.0 0.000 100.000 100.000 50.000 100.389 100.098 50.000
010 00 1.545 1.540 0.001 0.390 10000.0 0.000 100.000 100.000 50.000 100.378 100.094 50.000
010 00 1.550 1.545 0.001 0.369 10000.0 0.000 100.000 100.000 50.000 100.359 100.088 50.000
010 00 1.555 1.550 0.000 0.359 10000.0 0.000 100.000 100.000 50.000 100.349 100.085 50.000
010 00 1.560 1.555 0.000 0.359 10000.0 0.000 100.000 100.000 50.000 100.349 100.085 50.000
010 00 1.565 1.560 0.000 0.359 10000.0 0.000 100.000 100.000 50.000 100.349 100.085 50.000
010 00 1.570 1.565 0.000 0.349 10000.0 0.000 100.000 100.000 50.000 100.340 100.082 50.000
010 00 1.575 1.570 0.000 0.332 10000.0 0.000 100.000 100.000 50.000 100.323 100.077 50.000
010 00 1.580 1.575 0.000 0.330 10000.0 0.000 100.000 100.000 50.000 100.321 100.076 50.000
010 00 1.585 1.580 0.000 0.321 10000.0 0.000 100.000 100.000 50.000 100.313 100.073 50.000
010 00 1.590 1.585 0.000 0.313 10000.0 0.000 100.000 100.000 50.000 100.305 100.071 50.000
010 00 1.595 1.590 0.000 0.302 10000.0 0.000 100.000 100.000 50.000 100.294 100.068 50.000
010 00 1.600 1.595 0.000 0.297 10000.0 0.000 100.000 100.000 50.000 100.289 100.066 50.000
010 00 1.605 1.600 0.000 0.290 10000.0 0.000 100.000 100.000 50.000 100.283 100.065 50.000
010 00 1.610 1.605 0.000 0.283 10000.0 0.000 100.000 100.000 50.000 100.276 100.062 50.000
010 00 1.615 1.610 0.000 0.270 10000.0 0.000 100.000 100.000 50.000 100.264 100.059 50.000
010 00 1.620 1.615 0.000 0.267 10000.0 0.000 100.000 100.000 50.000 100.261 100.058 50.000
010 00 1.625 1.620 0.000 0.260 10000.0 0.000 100.000 100.000 50.000 100.253 100.056 50.000
010 00 1.630 1.625 0.000 0.254 10000.0 0.000 100.000 100.000 50.000 100.248 100.054 50.000
010 00 1.635 1.630 0.000 0.240 10000.0 0.000 100.000 100.000 50.000 100.235 100.051 50.000
010 00 1.640 1.635 0.000 0.234 10000.0 0.000 100.000 100.000 50.000 100.229 100.049 50.000
010 00 1.645 1.640 0.000 0.219 10000.0 0.000 100.000 100.000 50.000 100.215 100.045 50.000
010 00 1.650 1.645 0.000 0.217 10000.0 0.000 100.000 100.000 50.000 100.212 100.044 50.000
010 00 1.655 1.650 0.000 0.216 10000.0 0.000 100.000 100.000 50.000 100.211 100.044 50.000
010 00 1.660 1.655 0.000 0.210 10000.0 0.000 100.000 100.000 50.000 100.205 100.043 50.000
010 00 1.665 1.660 0.000 0.199 10000.0 0.000 100.000 100.000 50.000 100.195 100.040 50.000
010 00 1.670 1.665 0.000 0.197 10000.0 0.000 100.000 100.000 50.000 100.193 100.039 50.000
010 00 1.675 1.670 0.000 0.193 10000.0 0.000 100.000 100.000 50.000 100.190 100.038 50.000
010 00 1.680 1.675 0.000 0.188 10000.0 0.000 100.000 100.000 50.000 100.184 100.037 50.000
010 00 1.685 1.680 0.000 0.179 10000.0 0.000 100.000 100.000 50.000 100.176 100.035 50.000
010 00 1.690 1.685 0.000 0.177 10000.0 0.000 100.000 100.000 50.000 100.174 100.034 50.000
010 00 1.695 1.690 0.000 0.174 10000.0 0.000 100.000 100.000 50.000 100.171 100.033 50.000
010 00 1.700 1.695 0.000 0.169 10000.0 0.000 100.000 100.000 50.000 100.166 100.032 50.000
010 00 1.705 1.700 0.000 0.159 10000.0 0.000 100.000 100.000 50.000 100.156 100.030 50.000
010 00 1.710 1.705 0.000 0.157 10000.0 0.000 100.000 100.000 50.000 100.154 100.029 50.000
010 00 1.715 1.710 0.000 0.156 10000.0 0.000 100.000 100.000 50.000 100.154 100.029 50.000
010 00 1.720 1.715 0.000 0.152 10000.0 0.000 100.000 100.000 50.000 100.150 100.028 50.000
010 00 1.725 1.720 0.000 0.145 10000.0 0.000 100.000 100.000 50.000 100.143 100.026 50.000
010 00 1.730 1.725 0.000 0.143 10000.0 0.000 100.000 100.000 50.000 100.141 100.026 50.000
010 00 1.735 1.730 0.000 0.141 10000.0 0.000 100.000 100.000 50.000 100.138 100.025 50.000
010 00 1.740 1.735 0.000 0.137 10000.0 0.000 100.000 100.000 50.000 100.135 100.025 50.000
010 00 1.745 1.740 0.000 0.130 10000.0 0.000 100.000 100.000 50.000 100.128 100.023 50.000
010 00 1.750 1.745 0.000 0.128 10000.0 0.000 100.000 100.000 50.000 100.126 100.023 50.000
010 00 1.755 1.750 0.000 0.126 10000.0 0.000 100.000 100.000 50.000 100.124 100.022 50.000
010 00 1.760 1.755 0.000 0.123 10000.0 0.000 100.000 100.000 50.000 100.121 100.021 50.000
010 00 1.765 1.760 0.000 0.117 10000.0 0.000 100.000 100.000 50.000 100.115 100.020 50.000
010 00 1.770 1.765 0.000 0.116 10000.0 0.000 100.000 100.000 50.000 100.114 100.020 50.000
010 00 1.775 1.770 0.000 0.114 10000.0 0.000 100.000 100.000 50.000 100.112 100.019 50.000
010 00 1.780 1.775 0.000 0.111 10000.0 0.000 100.000 100.000 50.000 100.109 100.019 50.000
010 00 1.785 1.780 0.000 0.105 10000.0 0.000 100.000 100.000 50.000 100.104 100.017 50.000
010 00 1.790 1.785 0.000 0.104 10000.0 0.000 100.000 100.000 50.000 100.103 100.017 50.000
010 00 1.795 1.790 0.000 0.102 10000.0 0.000 100.000 100.000 50.000 100.101 100.017 50.000
010 00 1.800 1.795 0.000 0.099 10000.0 0.000 100.000 100.000 50.000 100.098 100.016 50.000
010 00 1.805 1.800 0.000 0.094 10000.0 0.000 100.000 100.000 50.000 100.093 100.015 50.000
010 00 1.810 1.805 0.000 0.093 10000.0 0.000 100.000 100.000 50.000 100.092 100.015 50.000
010 00 1.815 1.810 0.000 0.092 10000.0 0.000 100.000 100.000 50.000 100.091 100.015 50.000
010 00 1.820 1.815 0.000 0.090 10000.0 0.000 100.000 100.000 50.000 100.088 100.014 50.000
010 00 1.825 1.820 0.000 0.085 10000.0 0.000 100.000 100.000 50.000 100.084 100.013 50.000
010 00 1.830 1.825 0.000 0.084 10000.0 0.000 100.000 100.000 50.000 100.083 100.013 50.000
010 00 1.835 1.830 0.000 0.083 10000.0 0.000 100.000 100.000 50.000 100.082 100.013 50.000
010 00 1.840 1.835 0.000 0.080 10000.0 0.000 100.000 100.000 50.000 100.079 100.012 50.000
010 00 1.845 1.840 0.000 0.077 10000.0 0.000 100.000 100.000 50.000 100.076 100.012 50.000
010 00 1.850 1.845 0.000 0.076 10000.0 0.000 100.000 100.000 50.000 100.075 100.011 50.000
010 00 1.855 1.850 0.000 0.074 10000.0 0.000 100.000 100.000 50.000 100.074 100.011 50.000
010 00 1.860 1.855 0.000 0.072 10000.0 0.000 100.000 100.000 50.000 100.072 100.011 50.000
010 00 1.865 1.860 0.000 0.069 10000.0 0.000 100.000 100.000 50.000 100.068 100.010 50.000
010 00 1.870 1.865 0.000 0.068 10000.0 0.000 100.000 100.000 50.000 100.067 100.010 50.000
010 00 1.875 1.870 0.000 0.067 10000.0 0.000 100.000 100.000 50.000 100.066 100.010 50.000
010 00 1.880 1.875 0.000 0.065 10000.0 0.000 100.000 100.000 50.000 100.064 100.009 50.000
010 00 1.885 1.880 0.000 0.062 10000.0 0.000 100.000 100.000 50.000 100.061 100.009 50.000
010 00 1.890 1.885 0.000 0.061 10000.0 0.000 100.000 100.000 50.000 100.060 100.009 50.000
010 00 1.895 1.890 0.000 0.060 10000.0 0.000 100.000 100.000 50.000 100.060 100.008 50.000
010 00 1.900 1.895 0.000 0.059 10000.0 0.000 100.000 100.000 50.000 100.058 100.008 50.000
010 00 1.905 1.900 0.000 0.056 10000.0 0.000 100.000 100.000 50.000 100.055 100.008 50.000
010 00 1.910 1.905 0.000 0.055 10000.0 0.000 100.000 100.000 50.000 100.055 100.008 50.000
010 00 1.915 1.910 0.000 0.054 10000.0 0.000 100.000 100.000 50.000 100.054 100.007 50.000
010 00 1.920 1.915 0.000 0.053 10000.0 0.000 100.000 100.000 50.000 100.052 100.007 50.000
010 00 1.925 1.920 0.000 0.050 10000.0 0.000 100.000 100.000 50.000 100.049 100.007 50.000
010 00 1.930 1.925 0.000 0.049 10000.0 0.000 100.000 100.000 50.000 100.049 100.007 50.000
010 00 1.935 1.930 0.000 0.049 10000.0 0.000 100.000 100.000 50.000 100.048 100.006 50.000
010 00 1.940 1.935 0.000 0.047 10000.0 0.000 100.000 100.000 50.000 100.047 100.006 50.000
010 00 1.945 1.940 0.000 0.045 10000.0 0.000 100.000 100.000 50.000 100.045 100.006 50.000
010 00 1.950 1.945 0.000 0.045 10000.0 0.000 100.000 100.000 50.000 100.044 100.006 50.000
010 00 1.955 1.950 0.000 0.044 10000.0 0.000 100.000 100.000 50.000 100.043 100.006 50.000
010 00 1.960 1.955 0.000 0.043 10000.0 0.000 100.000 100.000 50.000 100.042 100.005 50.000
010 00 1.965 1.960 0.000 0.041 10000.0 0.000 100.000 100.000 50.000 100.040 100.005 50.000
010 00 1.970 1.965 0.000 0.040 10000.0 0.000 100.000 100.000 50.000 100.040 100.005 50.000
010 00 1.975 1.970 0.000 0.039 10000.0 0.000 100.000 100.000 50.000 100.039 100.005 50.000
010 00 1.980 1.975 0.000 0.038 10000.0 0.000 100.000 100.000 50.000 100.038 100.005 50.000
010 00 1.985 1.980 0.000 0.036 10000.0 0.000 100.000 100.000 50.000 100.036 100.004 50.000
010 00 1.990 1.985 0.000 0.036 10000.0 0.000 100.000 100.000 50.000 100.036 100.004 50.000
010 00 1.995 1.990 0.000 0.035 10000.0 0.000 100.000 100.000 50.000 100.035 100.004 50.000
010 00 2.000 1.995 0.000 0.034 10000.0 0.000 100.000 100.000 50.000 100.034 100.004 50.000
010 00 2.005 2.000 0.000 0.033 10000.0 0.000 100.000 100.000 50.000 100.032 100.004 50.000
010 00 2.010 2.005 0.000 0.032 10000.0 0.000 100.000 100.000 50.000 100.031 100.004 50.000
010 00 2.015 2.010 0.000 0.031 10000.0 0.000 100.000 100.000 50.000 100.031 100.004 50.000
010 00 2.020 2.015 0.000 0.031 10000.0 0.000 100.000 100.000 50.000 100.031 100.004 50.000
010 00 2.025 2.020 0.000 0.029 10000.0 0.000 100.000 100.000 50.000 100.029 100.003 50.000
010 00 2.030 2.025 0.000 0.028 10000.0 0.000 100.000 100.000 50.000 100.028 100.003 50.000
010 00 2.035 2.030 0.000 0.027 10000.0 0.000 100.000 100.000 50.000 100.027 100.003 50.000
010 00 2.040 2.035 0.000 0.027 10000.0 0.000 100.000 100.000 50.000 100.027 100.003 50.000
010 00 2.045 2.040 0.000 0.026 10000.0 0.000 100.000 100.000 50.000 100.026 100.003 50.000
010 00 2.050 2.045 0.000 0.026 10000.0 0.000 100.000 100.000 50.000 100.026 100.003 50.000
010 00 2.055 2.050 0.000 0.025 10000.0 0.000 100.000 100.000 50.000 100.025 100.003 50.000
010 00 2.060 2.055 0.000 0.025 10000.0 0.000 100.000 100.000 50.000 100.025 100.003 50.000
010 00 2.065 2.060 0.000 0.024 10000.0 0.000 100.000 100.000 50.000 100.024 100.003 50.000
010 00 2.070 2.065 0.000 0.024 10000.0 0.000 100.000 100.000 50.000 100.023 100.003 50.000
010 00 2.075 2.070 0.000 0.023 10000.0 0.000 100.000 100.000 50.000 100.023 100.002 50.000
010 00 2.080 2.075 0.000 0.022 10000.0 0.000 100.000 100.000 50.000 100.022 100.002 50.000
010 00 2.085 2.080 0.000 0.021 10000.0 0.000 100.000 100.000 50.000 100.021 100.002 50.000
010 00 2.090 2.085 0.000 0.021 10000.0 0.000 100.000 100.000 50.000 100.020 100.002 50.000
010 00 2.095 2.090 0.000 0.020 10000.0 0.000 100.000 100.000 50.000 100.020 100.002 50.000
010 00 2.100 2.095 0.000 0.020 10000.0 0.000 100.000 100.000 50.000 100.020 100.002 50.000
010 00 2.105 2.100 0.000 0.019 10000.0 0.000 100.000 100.000 50.000 100.019 100.002 50.000
010 00 2.110 2.105 0.000 0.019 10000.0 0.000 100.000 100.000 50.000 100.019 100.002 50.000
010 00 2.115 2.110 0.000 0.018 10000.0 0.000 100.000 100.000 50.000 100.018 100.002 50.000
010 00 2.120 2.115 0.000 0.018 10000.0 0.000 100.000 100.000 50.000 100.018 100.002 50.000
010 00 2.125 2.120 0.000 0.017 10000.0 0.000 100.000 100.000 50.000 100.017 100.002 50.000
010 00 2.130 2.125 0.000 0.017 10000.0 0.000 100.000 100.000 50.000 100.017 100.002 50.000
010 00 2.135 2.130 0.000 0.017 10000.0 0.000 100.000 100.000 50.000 100.017 100.002 50.000
010 00 2.140 2.135 0.000 0.016 10000.0 0.000 100.000 100.000 50.000 100.016 100.002 50.000
010 00 2.145 2.140 0.000 0.015 10000.0 0.000 100.000 100.000 50.000 100.015 100.001 50.000
010 00 2.150 2.145 0.000 0.015 10000.0 0.000 100.000 100.000 50.000 100.015 100.001 50.000
010 00 2.155 2.150 0.000 0.015 10000.0 0.000 100.000 100.000 50.000 100.015 100.001 50.000
010 00 2.160 2.155 0.000 0.015 10000.0 0.000 100.000 100.000 50.000 100.014 100.001 50.000
010 00 2.165 2.160 0.000 0.014 10000.0 0.000 100.000 100.000 50.000 100.014 100.001 50.000
010 00 2.170 2.165 0.000 0.014 10000.0 0.000 100.000 100.000 50.000 100.014 100.001 50.000
010 00 2.175 2.170 0.000 0.013 10000.0 0.000 100.000 100.000 50.000 100.013 100.001 50.000
010 00 2.180 2.175 0.000 0.013 10000.0 0.000 100.000 100.000 50.000 100.013 100.001 50.000
010 00 2.185 2.180 0.000 0.012 10000.0 0.000 100.000 100.000 50.000 100.012 100.001 50.000
010 00 2.190 2.185 0.000 0.012 10000.0 0.000 100.000 100.000 50.000 100.012 100.001 50.000
010 00 2.195 2.190 0.000 0.012 10000.0 0.000 100.000 100.000 50.000 100.012 100.001 50.000
010 00 2.200 2.195 0.000 0.012 10000.0 0.000 100.000 100.000 50.000 100.012 100.001 50.000
010 00 2.205 2.200 0.000 0.011 10000.0 0.000 100.000 100.000 50.000 100.011 100.001 50.000
010 00 2.210 2.205 0.000 0.011 10000.0 0.000 100.000 100.000 50.000 100.011 100.001 50.000
010 00 2.215 2.210 0.000 0.011 10000.0 0.000 100.000 100.000 50.000 100.011 100.001 50.000
010 00 2.220 2.215 0.000 0.011 10000.0 0.000 100.000 100.000 50.000 100.010 100.001 50.000
010 00 2.225 2.220 0.000 0.010 10000.0 0.000 100.000 100.000 50.000 100.010 100.001 50.000
010 00 2.230 2.225 0.000 0.010 10000.0 0.000 100.000 100.000 50.000 100.010 100.001 50.000
010 00 2.235 2.230 0.000 0.010 10000.0 0.000 100.000 100.000 50.000 100.010 100.001 50.000
010 00 2.240 2.235 0.000 0.009 10000.0 0.000 100.000 100.000 50.000 100.009 100.001 50.000
010 00 2.245 2.240 0.000 0.009 10000.0 0.000 100.000 100.000 50.000 100.009 100.001 50.000
010 00 2.250 2.245 0.000 0.009 10000.0 0.000 100.000 100.000 50.000 100.009 100.001 50.000
010 00 2.255 2.250 0.000 0.009 10000.0 0.000 100.000 100.000 50.000 100.009 100.001 50.000
010 00 2.260 2.255 0.000 0.009 10000.0 0.000 100.000 100.000 50.000 100.009 100.001 50.000
010 00 2.265 2.260 0.000 0.008 10000.0 0.000 100.000 100.000 50.000 100.008 100.001 50.000
010 00 2.270 2.265 0.000 0.008 10000.0 0.000 100.000 100.000 50.000 100.008 100.001 50.000
010 00 2.275 2.270 0.000 0.008 10000.0 0.000 100.000 100.000 50.000 100.008 100.001 50.000
010 00 2.280 2.275 0.000 0.008 10000.0 0.000 100.000 100.000 50.000 100.008 100.001 50.000
010 00 2.285 2.280 0.000 0.007 10000.0 0.000 100.000 100.000 50.000 100.007 100.001 50.000
010 00 2.290 2.285 0.000 0.007 10000.0 0.000 100.000 100.000 50.000 100.007 100.001 50.000
010 00 2.295 2.290 0.000 0.007 10000.0 0.000 100.000 100.000 50.000 100.007 100.001 50.000
010 00 2.300 2.295 0.000 0.007 10000.0 0.000 100.000 100.000 50.000 100.007 100.001 50.000
010 00 2.305 2.300 0.000 0.007 10000.0 0.000 100.000 100.000 50.000 100.007 100.000 50.000
010 00 2.310 2.305 0.000 0.007 10000.0 0.000 100.000 100.000 50.000 100.007 100.000 50.000
010 00 2.315 2.310 0.000 0.006 10000.0 0.000 100.000 100.000 50.000 100.006 100.000 50.000
010 00 2.320 2.315 0.000 0.006 10000.0 0.000 100.000 100.000 50.000 100.006 100.000 50.000
010 00 2.325 2.320 0.000 0.006 10000.0 0.000 100.000 100.000 50.000 100.006 100.000 50.000
010 00 2.330 2.325 0.000 0.006 10000.0 0.000 100.000 100.000 50.000 100.006 100.000 50.000
010 00 2.335 2.330 0.000 0.006 10000.0 0.000 100.000 100.000 50.000 100.006 100.000 50.000
010 00 2.340 2.335 0.000 0.006 10000.0 0.000 100.000 100.000 50.000 100.006 100.000 50.000
010 00 2.345 2.340 0.000 0.005 10000.0 0.000 100.000 100.000 50.000 100.005 100.000 50.000
010 00 2.350 2.345 0.000 0.005 10000.0 0.000 100.000 100.000 50.000 100.005 100.000 50.000
010 00 2.355 2.350 0.000 0.005 10000.0 0.000 100.000 100.000 50.000 100.005 100.000 50.000
010 00 2.360 2.355 0.000 0.005 10000.0 0.000 100.000 100.000 50.000 100.005 100.000 50.000
010 00 2.365 2.360 0.000 0.005 10000.0 0.000 100.000 100.000 50.000 100.005 100.000 50.000
020 00 2.375 0.000 0.000 0.005 10000.0 0.000 100.000 100.000 10.000 100.005 100.000 50.000
030 01 2.385 0.000 0.000 0.000 0.0 99.381 100.000 100.000 10.000 100.005 100.000 50.000
030 01 2.390 0.005 0.000 0.001 29.8 99.381 100.000 100.000 9.999 100.005 100.000 50.000
030 01 2.395 0.010 0.001 0.005 59.6 99.381 100.000 100.000 9.995 100.005 100.000 50.000
030 01 2.400 0.015 0.002 0.011 89.4 99.381 100.000 100.000 9.989 100.005 100.000 50.000
030 01 2.405 0.020 0.004 0.020 119.3 99.381 100.000 100.000 9.980 100.005 100.000 50.000
030 01 2.410 0.025 0.006 0.031 149.1 99.381 100.000 100.000 9.969 100.005 100.000 50.000
030 01 2.415 0.030 0.009 0.045 178.9 99.381 100.000 100.000 9.955 100.005 100.000 50.000
030 01 2.420 0.035 0.012 0.061 208.7 99.381 100.000 100.000 9.939 100.005 100.000 50.000
030 01 2.425 0.040 0.016 0.080 238.5 99.381 100.000 100.000 9.920 100.005 100.000 50.000
030 01 2.430 0.045 0.020 0.101 268.3 99.381 100.000 100.000 9.899 100.005 100.000 50.000
030 01 2.435 0.050 0.025 0.124 298.1 99.381 100.000 100.000 9.876 100.005 100.000 50.000
030 01 2.440 0.055 0.030 0.150 328.0 99.381 100.000 100.000 9.850 100.005 100.000 50.000
030 01 2.445 0.060 0.036 0.179 357.8 99.381 100.000 100.000 9.821 100.005 100.000 50.000
030 01 2.450 0.065 0.042 0.210 387.6 99.381 100.000 100.000 9.790 100.005 100.000 50.000
030 01 2.455 0.070 0.049 0.243 417.4 99.381 100.000 100.000 9.757 100.005 100.000 50.000
030 01 2.460 0.075 0.056 0.280 447.2 99.381 100.000 100.000 9.720 100.005 100.000 50.000
030 01 2.465 0.080 0.064 0.318 477.0 99.381 100.000 100.000 9.682 100.005 100.000 50.000
030 01 2.470 0.085 0.072 0.359 506.8 99.381 100.000 100.000 9.641 100.005 100.000 50.000
030 01 2.475 0.090 0.080 0.402 536.7 99.381 100.000 100.000 9.598 100.005 100.000 50.000
030 01 2.480 0.095 0.090 0.448 566.5 99.381 100.000 100.000 9.552 100.005 100.000 50.000
030 01 2.485 0.100 0.099 0.497 596.3 99.381 100.000 100.000 9.503 100.005 100.000 50.000
030 01 2.490 0.105 0.110 0.548 626.1 99.381 100.000 100.000 9.452 100.005 100.000 50.000
030 01 2.495 0.110 0.120 0.601 655.9 99.381 100.000 100.000 9.399 100.005 100.000 50.000
030 01 2.500 0.115 0.131 0.657 685.7 99.381 100.000 100.000 9.343 100.005 100.000 50.000
030 01 2.505 0.120 0.143 0.716 715.5 99.381 100.000 100.000 9.284 100.005 100.000 50.000
030 01 2.510 0.125 0.155 0.776 745.4 99.381 100.000 100.000 9.224 100.005 100.000 50.000
030 01 2.515 0.130 0.168 0.840 775.2 99.381 100.000 100.000 9.160 100.005 100.000 50.000
030 01 2.520 0.135 0.181 0.906 805.0 99.381 100.000 100.000 9.094 100.005 100.000 50.000
030 01 2.525 0.140 0.195 0.974 834.8 99.381 100.000 100.000 9.026 100.005 100.000 50.000
030 01 2.530 0.145 0.209 1.045 864.6 99.381 100.000 100.000 8.955 100.005 100.000 50.000
030 01 2.535 0.150 0.224 1.118 894.4 99.381 100.000 100.000 8.882 100.005 100.000 50.000
030 01 2.540 0.155 0.239 1.194 924.2 99.381 100.000 100.000 8.806 100.005 100.000 50.000
030 01 2.545 0.160 0.254 1.272 954.1 99.381 100.000 100.000 8.728 100.005 100.000 50.000
030 01 2.550 0.165 0.271 1.353 983.9 99.381 100.000 100.000 8.647 100.005 100.000 50.000
030 01 2.555 0.170 0.287 1.436 1013.7 99.381 100.000 100.000 8.564 100.005 100.000 50.000
030 01 2.560 0.175 0.304 1.522 1043.5 99.381 100.000 100.000 8.478 100.005 100.000 50.000
030 01 2.565 0.180 0.322 1.610 1073.3 99.381 100.000 100.000 8.390 100.005 100.000 50.000
030 01 2.570 0.185 0.340 1.701 1103.1 99.381 100.000 100.000 8.299 100.005 100.000 50.000
030 01 2.575 0.190 0.359 1.794 1132.9 99.381 100.000 100.000 8.206 100.005 100.000 50.000
030 01 2.580 0.195 0.378 1.889 1162.8 99.381 100.000 100.000 8.111 100.005 100.000 50.000
030 01 2.585 0.200 0.398 1.988 1192.6 99.381 100.000 100.000 8.012 100.005 100.000 50.000
030 01 2.590 0.205 0.418 2.088 1222.4 99.381 100.000 100.000 7.912 100.005 100.000 50.000
030 01 2.595 0.210 0.438 2.191 1252.2 99.381 100.000 100.000 7.809 100.005 100.000 50.000
030 01 2.600 0.215 0.459 2.297 1282.0 99.381 100.000 100.000 7.703 100.005 100.000 50.000
030 01 2.605 0.220 0.481 2.405 1311.8 99.381 100.000 100.000 7.595 100.005 100.000 50.000
030 01 2.610 0.225 0.503 2.515 1325.1 -98.158 100.000 100.000 7.485 100.005 100.000 50.000
030 01 2.615 0.230 0.525 2.625 1295.7 -98.158 100.000 100.000 7.375 100.005 100.000 50.000
030 01 2.620 0.235 0.546 2.731 1266.2 -98.158 100.000 100.000 7.269 100.005 100.000 50.000
030 01 2.625 0.240 0.567 2.836 1236.8 -98.158 100.000 100.000 7.164 100.005 100.000 50.000
030 01 2.630 0.245 0.587 2.937 1207.3 -98.158 100.000 100.000 7.063 100.005 100.000 50.000
030 01 2.635 0.250 0.607 3.037 1177.9 -98.158 100.000 100.000 6.963 100.005 100.000 50.000
030 01 2.640 0.255 0.627 3.134 1148.4 -98.158 100.000 100.000 6.866 100.005 100.000 50.000
030 01 2.645 0.260 0.646 3.228 1119.0 -98.158 100.000 100.000 6.772 100.005 100.000 50.000
030 01 2.650 0.265 0.664 3.320 1089.5 -98.158 100.000 100.000 6.680 100.005 100.000 50.000
030 01 2.655 0.270 0.682 3.410 1060.1 -98.158 100.000 100.000 6.590 100.005 100.000 50.000
030 01 2.660 0.275 0.699 3.497 1030.7 -98.158 100.000 100.000 6.503 100.005 100.000 50.000
030 01 2.665 0.280 0.716 3.582 1001.2 -98.158 100.000 100.000 6.418 100.005 100.000 50.000
030 01 2.670 0.285 0.733 3.664 971.8 -98.158 100.000 100.000 6.336 100.005 100.000 50.000
030 01 2.675 0.290 0.749 3.744 942.3 -98.158 100.000 100.000 6.256 100.005 100.000 50.000
030 01 2.680 0.295 0.764 3.821 912.9 -98.158 100.000 100.000 6.179 100.005 100.000 50.000
030 01 2.685 0.300 0.779 3.896 883.4 -98.158 100.000 100.000 6.104 100.005 100.000 50.000
030 01 2.690 0.305 0.794 3.968 854.0 -98.158 100.000 100.000 6.032 100.005 100.000 50.000
030 01 2.695 0.310 0.808 4.038 824.5 -98.158 100.000 100.000 5.962 100.005 100.000 50.000
030 01 2.700 0.315 0.821 4.106 795.1 -98.158 100.000 100.000 5.894 100.005 100.000 50.000
030 01 2.705 0.320 0.834 4.171 765.6 -98.158 100.000 100.000 5.829 100.005 100.000 50.000
030 01 2.710 0.325 0.847 4.233 736.2 -98.158 100.000 100.000 5.767 100.005 100.000 50.000
030 01 2.715 0.330 0.859 4.293 706.7 -98.158 100.000 100.000 5.707 100.005 100.000 50.000
030 01 2.720 0.335 0.870 4.351 677.3 -98.158 100.000 100.000 5.649 100.005 100.000 50.000
030 01 2.725 0.340 0.881 4.406 647.8 -98.158 100.000 100.000 5.594 100.005 100.000 50.000
030 01 2.730 0.345 0.892 4.459 618.4 -98.158 100.000 100.000 5.541 100.005 100.000 50.000
030 01 2.735 0.350 0.902 4.509 588.9 -98.158 100.000 100.000 5.491 100.005 100.000 50.000
030 01 2.740 0.355 0.911 4.557 559.5 -98.158 100.000 100.000 5.443 100.005 100.000 50.000
030 01 2.745 0.360 0.920 4.602 530.1 -98.158 100.000 100.000 5.398 100.005 100.000 50.000
030 01 2.750 0.365 0.929 4.645 500.6 -98.158 100.000 100.000 5.355 100.005 100.000 50.000
030 01 2.755 0.370 0.937 4.686 471.2 -98.158 100.000 100.000 5.314 100.005 100.000 50.000
030 01 2.760 0.375 0.945 4.724 441.7 -98.158 100.000 100.000 5.276 100.005 100.000 50.000
030 01 2.765 0.380 0.952 4.760 412.3 -98.158 100.000 100.000 5.240 100.005 100.000 50.000
030 01 2.770 0.385 0.959 4.793 382.8 -98.158 100.000 100.000 5.207 100.005 100.000 50.000
030 01 2.775 0.390 0.965 4.823 353.4 -98.158 100.000 100.000 5.177 100.005 100.000 50.000
030 01 2.780 0.395 0.970 4.852 323.9 -98.158 100.000 100.000 5.148 100.005 100.000 50.000
030 01 2.785 0.400 0.975 4.877 294.5 -98.158 100.000 100.000 5.123 100.005 100.000 50.000
030 01 2.790 0.405 0.980 4.901 265.0 -98.158 100.000 100.000 5.099 100.005 100.000 50.000
030 01 2.795 0.410 0.984 4.921 235.6 -98.158 100.000 100.000 5.079 100.005 100.000 50.000
030 01 2.800 0.415 0.988 4.940 206.1 -98.158 100.000 100.000 5.060 100.005 100.000 50.000
030 01 2.805 0.420 0.991 4.956 176.7 -98.158 100.000 100.000 5.044 100.005 100.000 50.000
030 01 2.810 0.425 0.994 4.969 147.2 -98.158 100.000 100.000 5.031 100.005 100.000 50.000
030 01 2.815 0.430 0.996 4.980 117.8 -98.158 100.000 100.000 5.020 100.005 100.000 50.000
030 01 2.820 0.435 0.998 4.989 88.3 -98.158 100.000 100.000 5.011 100.005 100.000 50.000
030 01 2.825 0.440 0.999 4.995 58.9 -98.158 100.000 100.000 5.005 100.005 100.000 50.000
030 01 2.830 0.445 1.000 4.999 29.4 -98.158 100.000 100.000 5.001 100.005 100.000 50.000
030 01 2.835 0.450 0.200 1.000 0.0 0.000 100.000 100.000 9.000 100.005 100.000 50.000
030 01 2.840 0.455 0.200 1.000 0.0 0.000 100.000 100.000 9.000 100.005 100.000 50.000
040 01 2.850 0.000 0.000 0.000 0.0 99.874 100.000 100.000 5.000 100.005 100.000 50.000
040 01 2.855 0.005 0.000 0.001 30.0 99.874 100.001 100.001 5.000 100.005 100.000 50.000
040 01 2.860 0.010 0.000 0.005 59.9 99.874 100.002 100.004 5.000 100.005 100.000 50.000
040 01 2.865 0.015 0.000 0.011 89.9 99.874 100.005 100.010 5.000 100.005 100.000 50.000
040 01 2.870 0.020 0.000 0.020 119.8 99.874 100.009 100.018 5.000 100.005 100.000 50.000
040 01 2.875 0.025 0.000 0.031 149.8 99.874 100.014 100.028 5.000 100.005 100.000 50.000
040 01 2.880 0.030 0.000 0.045 179.8 99.874 100.020 100.040 5.000 100.005 100.000 50.000
040 01 2.885 0.035 0.000 0.061 209.7 99.874 100.027 100.055 5.000 100.005 100.000 50.000
040 01 2.890 0.040 0.000 0.080 239.7 99.874 100.036 100.071 5.000 100.005 100.000 50.000
040 01 2.895 0.045 0.000 0.101 269.7 99.874 100.045 100.090 5.000 100.005 100.000 50.000
040 01 2.900 0.050 0.001 0.125 299.6 99.874 100.056 100.112 5.000 100.005 100.000 50.000
040 01 2.905 0.055 0.001 0.151 329.6 99.874 100.068 100.135 5.000 100.005 100.000 50.000
040 01 2.910 0.060 0.001 0.180 359.5 99.874 100.080 100.161 5.000 100.005 100.000 50.000
040 01 2.915 0.065 0.001 0.211 389.5 99.874 100.094 100.189 5.000 100.005 100.000 50.000
040 01 2.920 0.070 0.001 0.245 419.5 99.874 100.109 100.219 5.000 100.005 100.000 50.000
040 01 2.925 0.075 0.001 0.281 449.4 99.874 100.126 100.251 5.000 100.005 100.000 50.000
040 01 2.930 0.080 0.001 0.320 479.4 99.874 100.143 100.286 5.000 100.005 100.000 50.000
040 01 2.935 0.085 0.002 0.361 509.4 99.874 100.161 100.323 5.000 100.005 100.000 50.000
040 01 2.940 0.090 0.002 0.404 539.3 99.874 100.181 100.362 5.000 100.005 100.000 50.000
040 01 2.945 0.095 0.002 0.451 569.3 99.874 100.202 100.403 5.000 100.005 100.000 50.000
040 01 2.950 0.100 0.002 0.499 599.2 99.874 100.223 100.447 5.000 100.005 100.000 50.000
040 01 2.955 0.105 0.002 0.551 629.2 99.874 100.246 100.492 5.000 100.005 100.000 50.000
040 01 2.960 0.110 0.003 0.604 659.2 99.874 100.270 100.540 5.000 100.005 100.000 50.000
040 01 2.965 0.115 0.003 0.660 689.1 99.874 100.295 100.591 5.000 100.005 100.000 50.000
040 01 2.970 0.120 0.003 0.719 719.1 99.874 100.322 100.643 5.000 100.005 100.000 50.000
040 01 2.975 0.125 0.003 0.780 749.1 99.874 100.349 100.698 5.000 100.005 100.000 50.000
040 01 2.980 0.130 0.004 0.844 779.0 99.874 100.377 100.755 5.000 100.005 100.000 50.000
040 01 2.985 0.135 0.004 0.910 809.0 99.874 100.407 100.814 5.000 100.005 100.000 50.000
040 01 2.990 0.140 0.004 0.979 838.9 99.874 100.438 100.875 5.000 100.005 100.000 50.000
040 01 2.995 0.145 0.005 1.050 868.9 99.874 100.470 100.939 5.000 100.005 100.000 50.000
040 01 3.000 0.150 0.005 1.124 898.9 99.874 100.502 101.005 5.000 100.005 100.000 50.000
040 01 3.005 0.155 0.005 1.200 928.8 99.874 100.537 101.073 5.000 100.005 100.000 50.000
040 01 3.010 0.160 0.006 1.278 958.8 99.874 100.572 101.143 5.000 100.005 100.000 50.000
040 01 3.015 0.165 0.006 1.360 988.8 99.874 100.608 101.216 5.000 100.005 100.000 50.000
040 01 3.020 0.170 0.006 1.443 1018.7 99.874 100.645 101.291 5.000 100.005 100.000 50.000
040 01 3.025 0.175 0.007 1.529 1048.7 99.874 100.684 101.368 5.000 100.005 100.000 50.000
040 01 3.030 0.180 0.007 1.618 1078.6 99.874 100.724 101.447 5.000 100.005 100.000 50.000
040 01 3.035 0.185 0.008 1.709 1108.6 99.874 100.764 101.529 5.000 100.005 100.000 50.000
040 01 3.040 0.190 0.008 1.803 1138.6 99.874 100.806 101.612 5.000 100.005 100.000 50.000
040 01 3.045 0.195 0.008 1.899 1168.5 99.874 100.849 101.698 5.000 100.005 100.000 50.000
040 01 3.050 0.200 0.009 1.997 1198.5 99.874 100.893 101.787 5.000 100.005 100.000 50.000
040 01 3.055 0.205 0.009 2.099 1228.5 99.874 100.939 101.877 5.000 100.005 100.000 50.000
040 01 3.060 0.210 0.010 2.202 1258.4 99.874 100.985 101.970 5.000 100.005 100.000 50.000
040 01 3.065 0.215 0.010 2.308 1288.4 99.874 101.032 102.065 5.000 100.005 100.000 50.000
040 01 3.070 0.220 0.011 2.417 1318.3 99.874 101.081 102.162 5.000 100.005 100.000 50.000
040 01 3.075 0.225 0.011 2.528 1348.3 99.874 101.131 102.261 5.000 100.005 100.000 50.000
040 01 3.080 0.230 0.012 2.642 1378.3 99.874 101.181 102.363 5.000 100.005 100.000 50.000
040 01 3.085 0.235 0.012 2.758 1408.2 99.874 101.233 102.467 5.000 100.005 100.000 50.000
040 01 3.090 0.240 0.013 2.876 1438.2 99.874 101.286 102.573 5.000 100.005 100.000 50.000
040 01 3.095 0.245 0.013 2.997 1468.1 99.874 101.341 102.681 5.000 100.005 100.000 50.000
040 01 3.100 0.250 0.014 3.121 1498.1 99.874 101.396 102.792 5.000 100.005 100.000 50.000
040 01 3.105 0.255 0.015 3.247 1528.1 99.874 101.452 102.904 5.000 100.005 100.000 50.000
040 01 3.110 0.260 0.015 3.376 1558.0 99.874 101.510 103.019 5.000 100.005 100.000 50.000
040 01 3.115 0.265 0.016 3.507 1588.0 99.874 101.568 103.137 5.000 100.005 100.000 50.000
040 01 3.120 0.270 0.016 3.640 1618.0 99.874 101.628 103.256 5.000 100.005 100.000 50.000
040 01 3.125 0.275 0.017 3.776 1647.9 99.874 101.689 103.378 5.000 100.005 100.000 50.000
040 01 3.130 0.280 0.018 3.915 1677.9 99.874 101.751 103.502 5.000 100.005 100.000 50.000
040 01 3.135 0.285 0.018 4.056 1707.8 99.874 101.814 103.628 5.000 100.005 100.000 50.000
040 01 3.140 0.290 0.019 4.200 1737.8 99.874 101.878 103.756 5.000 100.005 100.000 50.000
040 01 3.145 0.295 0.019 4.346 1767.8 99.874 101.943 103.887 5.000 100.005 100.000 50.000
040 01 3.150 0.300 0.020 4.494 1797.7 99.874 102.010 104.020 5.000 100.005 100.000 50.000
040 01 3.155 0.305 0.021 4.645 1827.7 99.874 102.077 104.155 5.000 100.005 100.000 50.000
040 01 3.160 0.310 0.021 4.799 1857.7 99.874 102.146 104.292 5.000 100.005 100.000 50.000
040 01 3.165 0.315 0.022 4.955 1887.6 99.874 102.216 104.432 5.000 100.005 100.000 50.000
040 01 3.170 0.320 0.023 5.114 1917.6 99.874 102.287 104.574 5.000 100.005 100.000 50.000
040 01 3.175 0.325 0.024 5.275 1947.5 99.874 102.359 104.718 5.000 100.005 100.000 50.000
040 01 3.180 0.330 0.024 5.438 1977.5 99.874 102.432 104.864 5.000 100.005 100.000 50.000
040 01 3.185 0.335 0.025 5.604 2007.5 99.874 102.506 105.013 5.000 100.005 100.000 50.000
040 01 3.190 0.340 0.026 5.773 2037.4 99.874 102.582 105.163 5.000 100.005 100.000 50.000
040 01 3.195 0.345 0.027 5.944 2067.4 99.874 102.658 105.316 5.000 100.005 100.000 50.000
040 01 3.200 0.350 0.027 6.117 2097.4 99.874 102.736 105.471 5.000 100.005 100.000 50.000
040 01 3.205 0.355 0.028 6.293 2127.3 99.874 102.814 105.629 5.000 100.005 100.000 50.000
040 01 3.210 0.360 0.029 6.472 2157.3 99.874 102.894 105.789 5.000 100.005 100.000 50.000
040 01 3.215 0.365 0.030 6.653 2187.2 99.874 102.975 105.950 5.000 100.005 100.000 50.000
040 01 3.220 0.370 0.031 6.836 2217.2 99.874 103.057 106.115 5.000 100.005 100.000 50.000
040 01 3.225 0.375 0.031 7.022 2247.2 99.874 103.141 106.281 5.000 100.005 100.000 50.000
040 01 3.230 0.380 0.032 7.211 2277.1 99.874 103.225 106.450 5.000 100.005 100.000 50.000
040 01 3.235 0.385 0.033 7.402 2307.1 99.874 103.310 106.620 5.000 100.005 100.000 50.000
040 01 3.240 0.390 0.034 7.595 2337.1 99.874 103.397 106.794 5.000 100.005 100.000 50.000
040 01 3.245 0.395 0.035 7.791 2367.0 99.874 103.484 106.969 5.000 100.005 100.000 50.000
040 01 3.250 0.400 0.036 7.990 2397.0 99.874 103.573 107.146 5.000 100.005 100.000 50.000
040 01 3.255 0.405 0.037 8.191 2426.9 99.874 103.663 107.326 5.000 100.005 100.000 50.000
040 01 3.260 0.410 0.038 8.394 2456.9 99.874 103.754 107.508 5.000 100.005 100.000 50.000
040 01 3.265 0.415 0.038 8.600 2486.9 99.874 103.846 107.692 5.000 100.005 100.000 50.000
040 01 3.270 0.420 0.039 8.809 2516.8 99.874 103.939 107.879 5.000 100.005 100.000 50.000
040 01 3.275 0.425 0.040 9.020 2546.8 99.874 104.034 108.068 5.000 100.005 100.000 50.000
040 01 3.280 0.430 0.041 9.233 2576.7 99.874 104.129 108.259 5.000 100.005 100.000 50.000
040 01 3.285 0.435 0.042 9.449 2606.7 99.874 104.226 108.452 5.000 100.005 100.000 50.000
040 01 3.290 0.440 0.043 9.668 2636.7 99.874 104.324 108.647 5.000 100.005 100.000 50.000
040 01 3.295 0.445 0.044 9.889 2666.6 99.874 104.422 108.845 5.000 100.005 100.000 50.000
040 01 3.300 0.450 0.045 10.112 2696.6 99.874 104.522 109.045 5.000 100.005 100.000 50.000
040 01 3.305 0.455 0.046 10.338 2726.6 99.874 104.623 109.247 5.000 100.005 100.000 50.000
040 01 3.310 0.460 0.047 10.567 2756.5 99.874 104.726 109.451 5.000 100.005 100.000 50.000
040 01 3.315 0.465 0.048 10.798 2786.5 99.874 104.829 109.658 5.000 100.005 100.000 50.000
040 01 3.320 0.470 0.049 11.031 2816.4 99.874 104.933 109.867 5.000 100.005 100.000 50.000
040 01 3.325 0.475 0.050 11.267 2846.4 99.874 105.039 110.078 5.000 100.005 100.000 50.000
040 01 3.330 0.480 0.051 11.505 2876.4 99.874 105.145 110.291 5.000 100.005 100.000 50.000
040 01 3.335 0.485 0.053 11.746 2906.3 99.874 105.253 110.506 5.000 100.005 100.000 50.000
040 01 3.340 0.490 0.054 11.990 2936.3 99.874 105.362 110.724 5.000 100.005 100.000 50.000
040 01 3.345 0.495 0.055 12.236 2966.3 99.874 105.472 110.944 5.000 100.005 100.000 50.000
040 01 3.350 0.500 0.056 12.484 2996.2 99.874 105.583 111.166 5.000 100.005 100.000 50.000
040 01 3.355 0.505 0.057 12.735 3026.2 99.874 105.695 111.391 5.000 100.005 100.000 50.000
040 01 3.360 0.510 0.058 12.989 3056.1 99.874 105.809 111.617 5.000 100.005 100.000 50.000
040 01 3.365 0.515 0.059 13.245 3086.1 99.874 105.923 111.846 5.000 100.005 100.000 50.000
040 01 3.370 0.520 0.060 13.503 3116.1 99.874 106.039 112.077 5.000 100.005 100.000 50.000
040 01 3.375 0.525 0.062 13.764 3146.0 99.874 106.155 112.311 5.000 100.005 100.000 50.000
040 01 3.380 0.530 0.063 14.027 3176.0 99.874 106.273 112.546 5.000 100.005 100.000 50.000
040 01 3.385 0.535 0.064 14.293 3206.0 99.874 106.392 112.784 5.000 100.005 100.000 50.000
040 01 3.390 0.540 0.065 14.562 3235.9 99.874 106.512 113.024 5.000 100.005 100.000 50.000
040 01 3.395 0.545 0.066 14.833 3265.9 99.874 106.633 113.267 5.000 100.005 100.000 50.000
040 01 3.400 0.550 0.068 15.106 3295.8 99.874 106.756 113.511 5.000 100.005 100.000 50.000
040 01 3.405 0.555 0.069 15.382 3325.8 99.874 106.879 113.758 5.000 100.005 100.000 50.000
040 01 3.410 0.560 0.070 15.660 3355.8 99.874 107.003 114.007 5.000 100.005 100.000 50.000
040 01 3.415 0.565 0.071 15.941 3385.7 99.874 107.129 114.258 5.000 100.005 100.000 50.000
040 01 3.420 0.570 0.073 16.225 3415.7 99.874 107.256 114.512 5.000 100.005 100.000 50.000
040 01 3.425 0.575 0.074 16.510 3445.7 99.874 107.384 114.767 5.000 100.005 100.000 50.000
040 01 3.430 0.580 0.075 16.799 3475.6 99.874 107.513 115.025 5.000 100.005 100.000 50.000
040 01 3.435 0.585 0.076 17.090 3505.6 99.874 107.643 115.285 5.000 100.005 100.000 50.000
040 01 3.440 0.590 0.078 17.383 3535.5 99.874 107.774 115.548 5.000 100.005 100.000 50.000
040 01 3.445 0.595 0.079 17.679 3565.5 99.874 107.906 115.813 5.000 100.005 100.000 50.000
040 01 3.450 0.600 0.080 17.977 3595.5 99.874 108.040 116.079 5.000 100.005 100.000 50.000
040 01 3.455 0.605 0.082 18.278 3625.4 99.874 108.174 116.349 5.000 100.005 100.000 50.000
040 01 3.460 0.610 0.083 18.582 3655.4 99.874 108.310 116.620 5.000 100.005 100.000 50.000
040 01 3.465 0.615 0.084 18.887 3685.4 99.874 108.447 116.893 5.000 100.005 100.000 50.000
040 01 3.470 0.620 0.086 19.196 3715.3 99.874 108.585 117.169 5.000 100.005 100.000 50.000
040 01 3.475 0.625 0.087 19.507 3745.3 99.874 108.724 117.447 5.000 100.005 100.000 50.000
040 01 3.480 0.630 0.089 19.820 3775.2 99.874 108.864 117.728 5.000 100.005 100.000 50.000
040 01 3.485 0.635 0.090 20.136 3805.2 99.874 109.005 118.010 5.000 100.005 100.000 50.000
040 01 3.490 0.640 0.091 20.454 3835.2 99.874 109.147 118.295 5.000 100.005 100.000 50.000
040 01 3.495 0.645 0.093 20.775 3865.1 99.874 109.291 118.582 5.000 100.005 100.000 50.000
040 01 3.500 0.650 0.094 21.098 3895.1 99.874 109.435 118.871 5.000 100.005 100.000 50.000
040 01 3.505 0.655 0.096 21.424 3925.0 99.874 109.581 119.162 5.000 100.005 100.000 50.000
040 01 3.510 0.660 0.097 21.753 3955.0 99.874 109.728 119.456 5.000 100.005 100.000 50.000
040 01 3.515 0.665 0.099 22.083 3985.0 99.874 109.876 119.752 5.000 100.005 100.000 50.000
040 01 3.520 0.670 0.100 22.417 4014.9 99.874 110.025 120.050 5.000 100.005 100.000 50.000
040 01 3.525 0.675 0.102 22.753 4044.9 99.874 110.175 120.350 5.000 100.005 100.000 50.000
040 01 3.530 0.680 0.103 23.091 4074.9 99.874 110.327 120.653 5.000 100.005 100.000 50.000
040 01 3.535 0.685 0.105 23.432 4104.8 99.874 110.479 120.958 5.000 100.005 100.000 50.000
040 01 3.540 0.690 0.106 23.775 4134.8 99.874 110.633 121.265 5.000 100.005 100.000 50.000
040 01 3.545 0.695 0.108 24.121 4164.7 99.874 110.787 121.574 5.000 100.005 100.000 50.000
040 01 3.550 0.700 0.109 24.469 4194.7 99.874 110.943 121.886 5.000 100.005 100.000 50.000
040 01 3.555 0.705 0.111 24.820 4224.7 99.874 111.100 122.200 5.000 100.005 100.000 50.000
040 01 3.560 0.710 0.113 25.173 4254.6 99.874 111.258 122.516 5.000 100.005 100.000 50.000
040 01 3.565 0.715 0.114 25.529 4284.6 99.874 111.417 122.834 5.000 100.005 100.000 50.000
040 01 3.570 0.720 0.116 25.887 4314.6 99.874 111.577 123.154 5.000 100.005 100.000 50.000
040 01 3.575 0.725 0.117 26.248 4344.5 99.874 111.739 123.477 5.000 100.005 100.000 50.000
040 01 3.580 0.730 0.119 26.611 4374.5 99.874 111.901 123.802 5.000 100.005 100.000 50.000
040 01 3.585 0.735 0.121 26.977 4404.4 99.874 112.065 124.129 5.000 100.005 100.000 50.000
040 01 3.590 0.740 0.122 27.346 4434.4 99.874 112.229 124.459 5.000 100.005 100.000 50.000
040 01 3.595 0.745 0.124 27.716 4464.4 99.874 112.395 124.790 5.000 100.005 100.000 50.000
040 01 3.600 0.750 0.126 28.090 4494.3 99.874 112.562 125.124 5.000 100.005 100.000 50.000
040 01 3.605 0.755 0.127 28.465 4524.3 99.874 112.730 125.460 5.000 100.005 100.000 50.000
040 01 3.610 0.760 0.129 28.844 4554.3 99.874 112.899 125.799 5.000 100.005 100.000 50.000
040 01 3.615 0.765 0.131 29.224 4584.2 99.874 113.070 126.139 5.000 100.005 100.000 50.000
040 01 3.620 0.770 0.132 29.608 4614.2 99.874 113.241 126.482 5.000 100.005 100.000 50.000
040 01 3.625 0.775 0.134 29.993 4644.1 99.874 113.413 126.827 5.000 100.005 100.000 50.000
040 01 3.630 0.780 0.136 30.382 4674.1 99.874 113.587 127.174 5.000 100.005 100.000 50.000
040 01 3.635 0.785 0.138 30.772 4704.1 99.874 113.762 127.524 5.000 100.005 100.000 50.000
040 01 3.640 0.790 0.139 31.166 4734.0 99.874 113.938 127.875 5.000 100.005 100.000 50.000
040 01 3.645 0.795 0.141 31.561 4764.0 99.874 114.115 128.229 5.000 100.005 100.000 50.000
040 01 3.650 0.800 0.143 31.960 4794.0 99.874 114.293 128.586 5.000 100.005 100.000 50.000
040 01 3.655 0.805 0.145 32.360 4823.9 99.874 114.472 128.944 5.000 100.005 100.000 50.000
040 01 3.660 0.810 0.147 32.764 4853.9 99.874 114.652 129.305 5.000 100.005 100.000 50.000
040 01 3.665 0.815 0.148 33.169 4883.8 99.874 114.834 129.668 5.000 100.005 100.000 50.000
040 01 3.670 0.820 0.150 33.578 4913.8 99.874 115.016 130.033 5.000 100.005 100.000 50.000
040 01 3.675 0.825 0.152 33.988 4943.8 99.874 115.200 130.400 5.000 100.005 100.000 50.000
040 01 3.680 0.830 0.154 34.402 4973.7 99.874 115.385 130.770 5.000 100.005 100.000 50.000
040 01 3.685 0.835 0.156 34.817 4993.7 0.000 115.571 131.141 5.000 100.005 100.000 50.000
040 01 3.690 0.840 0.158 35.233 4993.7 0.000 115.757 131.514 5.000 100.005 100.000 50.000
040 01 3.695 0.845 0.159 35.649 4993.7 0.000 115.943 131.886 5.000 100.005 100.000 50.000
040 01 3.700 0.850 0.161 36.066 4993.7 0.000 116.129 132.258 5.000 100.005 100.000 50.000
040 01 3.705 0.855 0.163 36.482 4993.7 0.000 116.315 132.630 5.000 100.005 100.000 50.000
040 01 3.710 0.860 0.165 36.898 4993.7 0.000 116.501 133.002 5.000 100.005 100.000 50.000
040 01 3.715 0.865 0.167 37.314 4993.7 0.000 116.687 133.375 5.000 100.005 100.000 50.000
040 01 3.720 0.870 0.169 37.730 4993.7 0.000 116.873 133.747 5.000 100.005 100.000 50.000
040 01 3.725 0.875 0.171 38.146 4993.7 0.000 117.060 134.119 5.000 100.005 100.000 50.000
040 01 3.730 0.880 0.172 38.562 4993.7 0.000 117.246 134.491 5.000 100.005 100.000 50.000
040 01 3.735 0.885 0.174 38.979 4993.7 0.000 117.432 134.864 5.000 100.005 100.000 50.000
040 01 3.740 0.890 0.176 39.395 4993.7 0.000 117.618 135.236 5.000 100.005 100.000 50.000
040 01 3.745 0.895 0.178 39.811 4993.7 0.000 117.804 135.608 5.000 100.005 100.000 50.000
040 01 3.750 0.900 0.180 40.227 4993.7 0.000 117.990 135.980 5.000 100.005 100.000 50.000
040 01 3.755 0.905 0.182 40.643 4993.7 0.000 118.176 136.352 5.000 100.005 100.000 50.000
040 01 3.760 0.910 0.184 41.059 4993.7 0.000 118.362 136.725 5.000 100.005 100.000 50.000
040 01 3.765 0.915 0.185 41.475 4993.7 0.000 118.548 137.097 5.000 100.005 100.000 50.000
040 01 3.770 0.920 0.187 41.892 4993.7 0.000 118.734 137.469 5.000 100.005 100.000 50.000
040 01 3.775 0.925 0.189 42.308 4993.7 0.000 118.921 137.841 5.000 100.005 100.000 50.000
040 01 3.780 0.930 0.191 42.724 4993.7 0.000 119.107 138.213 5.000 100.005 100.000 50.000
040 01 3.785 0.935 0.193 43.140 4993.7 0.000 119.293 138.586 5.000 100.005 100.000 50.000
040 01 3.790 0.940 0.195 43.556 4993.7 0.000 119.479 138.958 5.000 100.005 100.000 50.000
040 01 3.795 0.945 0.197 43.972 4993.7 0.000 119.665 139.330 5.000 100.005 100.000 50.000
040 01 3.800 0.950 0.199 44.388 4993.7 0.000 119.851 139.702 5.000 100.005 100.000 50.000
040 01 3.805 0.955 0.200 44.805 4993.7 0.000 120.037 140.074 5.000 100.005 100.000 50.000
040 01 3.810 0.960 0.202 45.221 4993.7 0.000 120.223 140.447 5.000 100.005 100.000 50.000
040 01 3.815 0.965 0.204 45.637 4993.7 0.000 120.409 140.819 5.000 100.005 100.000 50.000
040 01 3.820 0.970 0.206 46.053 4993.7 0.000 120.596 141.191 5.000 100.005 100.000 50.000
040 01 3.825 0.975 0.208 46.469 4993.7 0.000 120.782 141.563 5.000 100.005 100.000 50.000
040 01 3.830 0.980 0.210 46.885 4993.7 0.000 120.968 141.935 5.000 100.005 100.000 50.000
040 01 3.835 0.985 0.212 47.301 4993.7 0.000 121.154 142.308 5.000 100.005 100.000 50.000
040 01 3.840 0.990 0.213 47.718 4993.7 0.000 121.340 142.680 5.000 100.005 100.000 50.000
040 01 3.845 0.995 0.215 48.134 4993.7 0.000 121.526 143.052 5.000 100.005 100.000 50.000
040 01 3.850 1.000 0.217 48.550 4993.7 0.000 121.712 143.424 5.000 100.005 100.000 50.000
040 01 3.855 1.005 0.219 48.966 4993.7 0.000 121.898 143.797 5.000 100.005 100.000 50.000
040 01 3.860 1.010 0.221 49.382 4993.7 0.000 122.084 144.169 5.000 100.005 100.000 50.000
040 01 3.865 1.015 0.223 49.798 4993.7 0.000 122.270 144.541 5.000 100.005 100.000 50.000
040 01 3.870 1.020 0.225 50.214 4993.7 0.000 122.457 144.913 5.000 100.005 100.000 50.000
040 01 3.875 1.025 0.226 50.631 4993.7 0.000 122.643 145.285 5.000 100.005 100.000 50.000
040 01 3.880 1.030 0.228 51.047 4993.7 0.000 122.829 145.658 5.000 100.005 100.000 50.000
040 01 3.885 1.035 0.230 51.463 4993.7 0.000 123.015 146.030 5.000 100.005 100.000 50.000
040 01 3.890 1.040 0.232 51.879 4993.7 0.000 123.201 146.402 5.000 100.005 100.000 50.000
040 01 3.895 1.045 0.234 52.295 4993.7 0.000 123.387 146.774 5.000 100.005 100.000 50.000
040 01 3.900 1.050 0.236 52.711 4993.7 0.000 123.573 147.146 5.000 100.005 100.000 50.000
040 01 3.905 1.055 0.238 53.127 4993.7 0.000 123.759 147.519 5.000 100.005 100.000 50.000
040 01 3.910 1.060 0.239 53.544 4993.7 0.000 123.945 147.891 5.000 100.005 100.000 50.000
040 01 3.915 1.065 0.241 53.960 4993.7 0.000 124.132 148.263 5.000 100.005 100.000 50.000
040 01 3.920 1.070 0.243 54.376 4993.7 0.000 124.318 148.635 5.000 100.005 100.000 50.000
040 01 3.925 1.075 0.245 54.792 4993.7 0.000 124.504 149.007 5.000 100.005 100.000 50.000
040 01 3.930 1.080 0.247 55.208 4993.7 0.000 124.690 149.380 5.000 100.005 100.000 50.000
040 01 3.935 1.085 0.249 55.624 4993.7 0.000 124.876 149.752 5.000 100.005 100.000 50.000
040 01 3.940 1.090 0.251 56.040 4993.7 0.000 125.062 150.124 5.000 100.005 100.000 50.000
040 01 3.945 1.095 0.252 56.457 4993.7 0.000 125.248 150.496 5.000 100.005 100.000 50.000
040 01 3.950 1.100 0.254 56.873 4993.7 0.000 125.434 150.868 5.000 100.005 100.000 50.000
040 01 3.955 1.105 0.256 57.289 4993.7 0.000 125.620 151.241 5.000 100.005 100.000 50.000
040 01 3.960 1.110 0.258 57.705 4993.7 0.000 125.806 151.613 5.000 100.005 100.000 50.000
040 01 3.965 1.115 0.260 58.121 4993.7 0.000 125.993 151.985 5.000 100.005 100.000 50.000
040 01 3.970 1.120 0.262 58.537 4993.7 0.000 126.179 152.357 5.000 100.005 100.000 50.000
040 01 3.975 1.125 0.264 58.953 4993.7 0.000 126.365 152.730 5.000 100.005 100.000 50.000
040 01 3.980 1.130 0.266 59.370 4993.7 0.000 126.551 153.102 5.000 100.005 100.000 50.000
040 01 3.985 1.135 0.267 59.786 4993.7 0.000 126.737 153.474 5.000 100.005 100.000 50.000
040 01 3.990 1.140 0.269 60.202 4993.7 0.000 126.923 153.846 5.000 100.005 100.000 50.000
040 01 3.995 1.145 0.271 60.618 4993.7 0.000 127.109 154.218 5.000 100.005 100.000 50.000
040 01 4.000 1.150 0.273 61.034 4993.7 0.000 127.295 154.591 5.000 100.005 100.000 50.000
040 01 4.005 1.155 0.275 61.450 4993.7 0.000 127.481 154.963 5.000 100.005 100.000 50.000
040 01 4.010 1.160 0.277 61.866 4993.7 0.000 127.667 155.335 5.000 100.005 100.000 50.000
040 01 4.015 1.165 0.279 62.283 4993.7 0.000 127.854 155.707 5.000 100.005 100.000 50.000
040 01 4.020 1.170 0.280 62.699 4993.7 0.000 128.040 156.079 5.000 100.005 100.000 50.000
040 01 4.025 1.175 0.282 63.115 4993.7 0.000 128.226 156.452 5.000 100.005 100.000 50.000
040 01 4.030 1.180 0.284 63.531 4993.7 0.000 128.412 156.824 5.000 100.005 100.000 50.000
040 01 4.035 1.185 0.286 63.947 4993.7 0.000 128.598 157.196 5.000 100.005 100.000 50.000
040 01 4.040 1.190 0.288 64.363 4993.7 0.000 128.784 157.568 5.000 100.005 100.000 50.000
040 01 4.045 1.195 0.290 64.779 4993.7 0.000 128.970 157.940 5.000 100.005 100.000 50.000
040 01 4.050 1.200 0.292 65.196 4993.7 0.000 129.156 158.313 5.000 100.005 100.000 50.000
040 01 4.055 1.205 0.293 65.612 4993.7 0.000 129.342 158.685 5.000 100.005 100.000 50.000
040 01 4.060 1.210 0.295 66.028 4993.7 0.000 129.529 159.057 5.000 100.005 100.000 50.000
040 01 4.065 1.215 0.297 66.444 4993.7 0.000 129.715 159.429 5.000 100.005 100.000 50.000
040 01 4.070 1.220 0.299 66.860 4993.7 0.000 129.901 159.801 5.000 100.005 100.000 50.000
040 01 4.075 1.225 0.301 67.276 4993.7 0.000 130.087 160.174 5.000 100.005 100.000 50.000
040 01 4.080 1.230 0.303 67.692 4993.7 0.000 130.273 160.546 5.000 100.005 100.000 50.000
040 01 4.085 1.235 0.305 68.109 4993.7 0.000 130.459 160.918 5.000 100.005 100.000 50.000
040 01 4.090 1.240 0.306 68.525 4993.7 0.000 130.645 161.290 5.000 100.005 100.000 50.000
040 01 4.095 1.245 0.308 68.941 4993.7 0.000 130.831 161.663 5.000 100.005 100.000 50.000
040 01 4.100 1.250 0.310 69.357 4993.7 0.000 131.017 162.035 5.000 100.005 100.000 50.000
040 01 4.105 1.255 0.312 69.773 4993.7 0.000 131.203 162.407 5.000 100.005 100.000 50.000
040 01 4.110 1.260 0.314 70.189 4993.7 0.000 131.390 162.779 5.000 100.005 100.000 50.000
040 01 4.115 1.265 0.316 70.605 4993.7 0.000 131.576 163.151 5.000 100.005 100.000 50.000
040 01 4.120 1.270 0.318 71.022 4993.7 0.000 131.762 163.524 5.000 100.005 100.000 50.000
040 01 4.125 1.275 0.319 71.438 4993.7 0.000 131.948 163.896 5.000 100.005 100.000 50.000
040 01 4.130 1.280 0.321 71.854 4993.7 0.000 132.134 164.268 5.000 100.005 100.000 50.000
040 01 4.135 1.285 0.323 72.270 4993.7 0.000 132.320 164.640 5.000 100.005 100.000 50.000
040 01 4.140 1.290 0.325 72.686 4993.7 0.000 132.506 165.012 5.000 100.005 100.000 50.000
040 01 4.145 1.295 0.327 73.102 4993.7 0.000 132.692 165.385 5.000 100.005 100.000 50.000
040 01 4.150 1.300 0.329 73.518 4993.7 0.000 132.878 165.757 5.000 100.005 100.000 50.000
040 01 4.155 1.305 0.331 73.935 4993.7 0.000 133.065 166.129 5.000 100.005 100.000 50.000
040 01 4.160 1.310 0.333 74.351 4993.7 0.000 133.251 166.501 5.000 100.005 100.000 50.000
040 01 4.165 1.315 0.334 74.767 4993.7 0.000 133.437 166.873 5.000 100.005 100.000 50.000
040 01 4.170 1.320 0.336 75.183 4993.7 0.000 133.623 167.246 5.000 100.005 100.000 50.000
040 01 4.175 1.325 0.338 75.599 4993.7 0.000 133.809 167.618 5.000 100.005 100.000 50.000
040 01 4.180 1.330 0.340 76.015 4993.7 0.000 133.995 167.990 5.000 100.005 100.000 50.000
040 01 4.185 1.335 0.342 76.431 4993.7 0.000 134.181 168.362 5.000 100.005 100.000 50.000
040 01 4.190 1.340 0.344 76.847 4993.7 0.000 134.367 168.734 5.000 100.005 100.000 50.000
040 01 4.195 1.345 0.346 77.264 4993.7 0.000 134.553 169.107 5.000 100.005 100.000 50.000
040 01 4.200 1.350 0.347 77.680 4993.7 0.000 134.739 169.479 5.000 100.005 100.000 50.000
040 01 4.205 1.355 0.349 78.096 4993.7 0.000 134.926 169.851 5.000 100.005 100.000 50.000
040 01 4.210 1.360 0.351 78.512 4993.7 0.000 135.112 170.223 5.000 100.005 100.000 50.000
040 01 4.215 1.365 0.353 78.928 4993.7 0.000 135.298 170.596 5.000 100.005 100.000 50.000
040 01 4.220 1.370 0.355 79.344 4993.7 0.000 135.484 170.968 5.000 100.005 100.000 50.000
040 01 4.225 1.375 0.357 79.760 4993.7 0.000 135.670 171.340 5.000 100.005 100.000 50.000
040 01 4.230 1.380 0.359 80.177 4993.7 0.000 135.856 171.712 5.000 100.005 100.000 50.000
040 01 4.235 1.385 0.360 80.593 4993.7 0.000 136.042 172.084 5.000 100.005 100.000 50.000
040 01 4.240 1.390 0.362 81.009 4993.7 0.000 136.228 172.457 5.000 100.005 100.000 50.000
040 01 4.245 1.395 0.364 81.425 4993.7 0.000 136.414 172.829 5.000 100.005 100.000 50.000
040 01 4.250 1.400 0.366 81.841 4993.7 0.000 136.600 173.201 5.000 100.005 100.000 50.000
040 01 4.255 1.405 0.368 82.257 4993.7 0.000 136.787 173.573 5.000 100.005 100.000 50.000
040 01 4.260 1.410 0.370 82.673 4993.7 0.000 136.973 173.945 5.000 100.005 100.000 50.000
040 01 4.265 1.415 0.372 83.090 4993.7 0.000 137.159 174.318 5.000 100.005 100.000 50.000
040 01 4.270 1.420 0.373 83.506 4993.7 0.000 137.345 174.690 5.000 100.005 100.000 50.000
040 01 4.275 1.425 0.375 83.922 4993.7 0.000 137.531 175.062 5.000 100.005 100.000 50.000
040 01 4.280 1.430 0.377 84.338 4993.7 0.000 137.717 175.434 5.000 100.005 100.000 50.000
040 01 4.285 1.435 0.379 84.754 4993.7 0.000 137.903 175.806 5.000 100.005 100.000 50.000
040 01 4.290 1.440 0.381 85.170 4993.7 0.000 138.089 176.179 5.000 100.005 100.000 50.000
040 01 4.295 1.445 0.383 85.586 4993.7 0.000 138.275 176.551 5.000 100.005 100.000 50.000
040 01 4.300 1.450 0.385 86.003 4993.7 0.000 138.462 176.923 5.000 100.005 100.000 50.000
040 01 4.305 1.455 0.386 86.419 4993.7 0.000 138.648 177.295 5.000 100.005 100.000 50.000
040 01 4.310 1.460 0.388 86.835 4993.7 0.000 138.834 177.667 5.000 100.005 100.000 50.000
040 01 4.315 1.465 0.390 87.251 4993.7 0.000 139.020 178.040 5.000 100.005 100.000 50.000
040 01 4.320 1.470 0.392 87.667 4993.7 0.000 139.206 178.412 5.000 100.005 100.000 50.000
040 01 4.325 1.475 0.394 88.083 4993.7 0.000 139.392 178.784 5.000 100.005 100.000 50.000
040 01 4.330 1.480 0.396 88.499 4993.7 0.000 139.578 179.156 5.000 100.005 100.000 50.000
040 01 4.335 1.485 0.398 88.916 4993.7 0.000 139.764 179.529 5.000 100.005 100.000 50.000
040 01 4.340 1.490 0.400 89.332 4993.7 0.000 139.950 179.901 5.000 100.005 100.000 50.000
040 01 4.345 1.495 0.401 89.748 4993.7 0.000 140.136 180.273 5.000 100.005 100.000 50.000
040 01 4.350 1.500 0.403 90.164 4993.7 0.000 140.323 180.645 5.000 100.005 100.000 50.000
040 01 4.355 1.505 0.405 90.580 4993.7 0.000 140.509 181.017 5.000 100.005 100.000 50.000
040 01 4.360 1.510 0.407 90.996 4993.7 0.000 140.695 181.390 5.000 100.005 100.000 50.000
040 01 4.365 1.515 0.409 91.412 4993.7 0.000 140.881 181.762 5.000 100.005 100.000 50.000
040 01 4.370 1.520 0.411 91.829 4993.7 0.000 141.067 182.134 5.000 100.005 100.000 50.000
040 01 4.375 1.525 0.413 92.245 4993.7 0.000 141.253 182.506 5.000 100.005 100.000 50.000
040 01 4.380 1.530 0.414 92.661 4993.7 0.000 141.439 182.878 5.000 100.005 100.000 50.000
040 01 4.385 1.535 0.416 93.077 4993.7 0.000 141.625 183.251 5.000 100.005 100.000 50.000
040 01 4.390 1.540 0.418 93.493 4993.7 0.000 141.811 183.623 5.000 100.005 100.000 50.000
040 01 4.395 1.545 0.420 93.909 4993.7 0.000 141.998 183.995 5.000 100.005 100.000 50.000
040 01 4.400 1.550 0.422 94.325 4993.7 0.000 142.184 184.367 5.000 100.005 100.000 50.000
040 01 4.405 1.555 0.424 94.742 4993.7 0.000 142.370 184.739 5.000 100.005 100.000 50.000
040 01 4.410 1.560 0.426 95.158 4993.7 0.000 142.556 185.112 5.000 100.005 100.000 50.000
040 01 4.415 1.565 0.427 95.574 4993.7 0.000 142.742 185.484 5.000 100.005 100.000 50.000
040 01 4.420 1.570 0.429 95.990 4993.7 0.000 142.928 185.856 5.000 100.005 100.000 50.000
040 01 4.425 1.575 0.431 96.406 4993.7 0.000 143.114 186.228 5.000 100.005 100.000 50.000
040 01 4.430 1.580 0.433 96.822 4993.7 0.000 143.300 186.600 5.000 100.005 100.000 50.000
040 01 4.435 1.585 0.435 97.238 4993.7 0.000 143.486 186.973 5.000 100.005 100.000 50.000
040 01 4.440 1.590 0.437 97.655 4993.7 0.000 143.672 187.345 5.000 100.005 100.000 50.000
040 01 4.445 1.595 0.439 98.071 4993.7 0.000 143.859 187.717 5.000 100.005 100.000 50.000
040 01 4.450 1.600 0.440 98.487 4993.7 0.000 144.045 188.089 5.000 100.005 100.000 50.000
040 01 4.455 1.605 0.442 98.903 4993.7 0.000 144.231 188.462 5.000 100.005 100.000 50.000
040 01 4.460 1.610 0.444 99.319 4993.7 0.000 144.417 188.834 5.000 100.005 100.000 50.000
040 01 4.465 1.615 0.446 99.735 4993.7 0.000 144.603 189.206 5.000 100.005 100.000 50.000
040 01 4.470 1.620 0.448 100.151 4993.7 0.000 144.789 189.578 5.000 100.005 100.000 50.000
040 01 4.475 1.625 0.450 100.568 4993.7 0.000 144.975 189.950 5.000 100.005 100.000 50.000
040 01 4.480 1.630 0.452 100.984 4993.7 0.000 145.161 190.323 5.000 100.005 100.000 50.000
040 01 4.485 1.635 0.453 101.400 4993.7 0.000 145.347 190.695 5.000 100.005 100.000 50.000
040 01 4.490 1.640 0.455 101.816 4993.7 0.000 145.533 191.067 5.000 100.005 100.000 50.000
040 01 4.495 1.645 0.457 102.232 4993.7 0.000 145.720 191.439 5.000 100.005 100.000 50.000
040 01 4.500 1.650 0.459 102.648 4993.7 0.000 145.906 191.811 5.000 100.005 100.000 50.000
040 01 4.505 1.655 0.461 103.064 4993.7 0.000 146.092 192.184 5.000 100.005 100.000 50.000
040 01 4.510 1.660 0.463 103.481 4993.7 0.000 146.278 192.556 5.000 100.005 100.000 50.000
040 01 4.515 1.665 0.465 103.897 4993.7 0.000 146.464 192.928 5.000 100.005 100.000 50.000
040 01 4.520 1.670 0.467 104.313 4993.7 0.000 146.650 193.300 5.000 100.005 100.000 50.000
040 01 4.525 1.675 0.468 104.729 4993.7 0.000 146.836 193.672 5.000 100.005 100.000 50.000
040 01 4.530 1.680 0.470 105.145 4993.7 0.000 147.022 194.045 5.000 100.005 100.000 50.000
040 01 4.535 1.685 0.472 105.561 4993.7 0.000 147.208 194.417 5.000 100.005 100.000 50.000
040 01 4.540 1.690 0.474 105.977 4993.7 0.000 147.395 194.789 5.000 100.005 100.000 50.000
040 01 4.545 1.695 0.476 106.394 4993.7 0.000 147.581 195.161 5.000 100.005 100.000 50.000
040 01 4.550 1.700 0.478 106.810 4993.7 0.000 147.767 195.533 5.000 100.005 100.000 50.000
040 01 4.555 1.705 0.480 107.226 4993.7 0.000 147.953 195.906 5.000 100.005 100.000 50.000
040 01 4.560 1.710 0.481 107.642 4993.7 0.000 148.139 196.278 5.000 100.005 100.000 50.000
040 01 4.565 1.715 0.483 108.058 4993.7 0.000 148.325 196.650 5.000 100.005 100.000 50.000
040 01 4.570 1.720 0.485 108.474 4993.7 0.000 148.511 197.022 5.000 100.005 100.000 50.000
040 01 4.575 1.725 0.487 108.890 4993.7 0.000 148.697 197.395 5.000 100.005 100.000 50.000
040 01 4.580 1.730 0.489 109.307 4993.7 0.000 148.883 197.767 5.000 100.005 100.000 50.000
040 01 4.585 1.735 0.491 109.723 4993.7 0.000 149.069 198.139 5.000 100.005 100.000 50.000
040 01 4.590 1.740 0.493 110.139 4993.7 0.000 149.256 198.511 5.000 100.005 100.000 50.000
040 01 4.595 1.745 0.494 110.555 4993.7 0.000 149.442 198.883 5.000 100.005 100.000 50.000
040 01 4.600 1.750 0.496 110.971 4993.7 0.000 149.628 199.256 5.000 100.005 100.000 50.000
040 01 4.605 1.755 0.498 111.387 4993.7 0.000 149.814 199.628 5.000 100.005 100.000 50.000
040 01 4.610 1.760 0.500 111.803 4993.7 0.000 150.000 200.000 5.000 100.005 100.000 50.000
040 01 4.615 1.765 0.502 112.220 4993.7 0.000 150.186 200.372 5.000 100.005 100.000 50.000
040 01 4.620 1.770 0.504 112.636 4993.7 0.000 150.372 200.744 5.000 100.005 100.000 50.000
040 01 4.625 1.775 0.506 113.052 4993.7 0.000 150.558 201.117 5.000 100.005 100.000 50.000
040 01 4.630 1.780 0.507 113.468 4993.7 0.000 150.744 201.489 5.000 100.005 100.000 50.000
040 01 4.635 1.785 0.509 113.884 4993.7 0.000 150.931 201.861 5.000 100.005 100.000 50.000
040 01 4.640 1.790 0.511 114.300 4993.7 0.000 151.117 202.233 5.000 100.005 100.000 50.000
040 01 4.645 1.795 0.513 114.716 4993.7 0.000 151.303 202.605 5.000 100.005 100.000 50.000
040 01 4.650 1.800 0.515 115.133 4993.7 0.000 151.489 202.978 5.000 100.005 100.000 50.000
040 01 4.655 1.805 0.517 115.549 4993.7 0.000 151.675 203.350 5.000 100.005 100.000 50.000
040 01 4.660 1.810 0.519 115.965 4993.7 0.000 151.861 203.722 5.000 100.005 100.000 50.000
040 01 4.665 1.815 0.520 116.381 4993.7 0.000 152.047 204.094 5.000 100.005 100.000 50.000
040 01 4.670 1.820 0.522 116.797 4993.7 0.000 152.233 204.467 5.000 100.005 100.000 50.000
040 01 4.675 1.825 0.524 117.213 4993.7 0.000 152.419 204.839 5.000 100.005 100.000 50.000
040 01 4.680 1.830 0.526 117.629 4993.7 0.000 152.605 205.211 5.000 100.005 100.000 50.000
040 01 4.685 1.835 0.528 118.046 4993.7 0.000 152.792 205.583 5.000 100.005 100.000 50.000
040 01 4.690 1.840 0.530 118.462 4993.7 0.000 152.978 205.955 5.000 100.005 100.000 50.000
040 01 4.695 1.845 0.532 118.878 4993.7 0.000 153.164 206.328 5.000 100.005 100.000 50.000
040 01 4.700 1.850 0.533 119.294 4993.7 0.000 153.350 206.700 5.000 100.005 100.000 50.000
040 01 4.705 1.855 0.535 119.710 4993.7 0.000 153.536 207.072 5.000 100.005 100.000 50.000
040 01 4.710 1.860 0.537 120.126 4993.7 0.000 153.722 207.444 5.000 100.005 100.000 50.000
040 01 4.715 1.865 0.539 120.542 4993.7 0.000 153.908 207.816 5.000 100.005 100.000 50.000
040 01 4.720 1.870 0.541 120.959 4993.7 0.000 154.094 208.189 5.000 100.005 100.000 50.000
040 01 4.725 1.875 0.543 121.375 4993.7 0.000 154.280 208.561 5.000 100.005 100.000 50.000
040 01 4.730 1.880 0.545 121.791 4993.7 0.000 154.467 208.933 5.000 100.005 100.000 50.000
040 01 4.735 1.885 0.547 122.207 4993.7 0.000 154.653 209.305 5.000 100.005 100.000 50.000
040 01 4.740 1.890 0.548 122.623 4993.7 0.000 154.839 209.677 5.000 100.005 100.000 50.000
040 01 4.745 1.895 0.550 123.039 4993.7 0.000 155.025 210.050 5.000 100.005 100.000 50.000
040 01 4.750 1.900 0.552 123.455 4993.7 0.000 155.211 210.422 5.000 100.005 100.000 50.000
040 01 4.755 1.905 0.554 123.872 4993.7 0.000 155.397 210.794 5.000 100.005 100.000 50.000
040 01 4.760 1.910 0.556 124.288 4993.7 0.000 155.583 211.166 5.000 100.005 100.000 50.000
040 01 4.765 1.915 0.558 124.704 4993.7 0.000 155.769 211.538 5.000 100.005 100.000 50.000
040 01 4.770 1.920 0.560 125.120 4993.7 0.000 155.955 211.911 5.000 100.005 100.000 50.000
040 01 4.775 1.925 0.561 125.536 4993.7 0.000 156.141 212.283 5.000 100.005 100.000 50.000
040 01 4.780 1.930 0.563 125.952 4993.7 0.000 156.328 212.655 5.000 100.005 100.000 50.000
040 01 4.785 1.935 0.565 126.368 4993.7 0.000 156.514 213.027 5.000 100.005 100.000 50.000
040 01 4.790 1.940 0.567 126.784 4993.7 0.000 156.700 213.400 5.000 100.005 100.000 50.000
040 01 4.795 1.945 0.569 127.201 4993.7 0.000 156.886 213.772 5.000 100.005 100.000 50.000
040 01 4.800 1.950 0.571 127.617 4993.7 0.000 157.072 214.144 5.000 100.005 100.000 50.000
040 01 4.805 1.955 0.573 128.033 4993.7 0.000 157.258 214.516 5.000 100.005 100.000 50.000
040 01 4.810 1.960 0.574 128.449 4993.7 0.000 157.444 214.888 5.000 100.005 100.000 50.000
040 01 4.815 1.965 0.576 128.865 4993.7 0.000 157.630 215.261 5.000 100.005 100.000 50.000
040 01 4.820 1.970 0.578 129.281 4993.7 0.000 157.816 215.633 5.000 100.005 100.000 50.000
040 01 4.825 1.975 0.580 129.697 4993.7 0.000 158.002 216.005 5.000 100.005 100.000 50.000
040 01 4.830 1.980 0.582 130.114 4993.7 0.000 158.189 216.377 5.000 100.005 100.000 50.000
040 01 4.835 1.985 0.584 130.530 4993.7 0.000 158.375 216.749 5.000 100.005 100.000 50.000
040 01 4.840 1.990 0.586 130.946 4993.7 0.000 158.561 217.122 5.000 100.005 100.000 50.000
040 01 4.845 1.995 0.587 131.362 4993.7 0.000 158.747 217.494 5.000 100.005 100.000 50.000
040 01 4.850 2.000 0.589 131.778 4993.7 0.000 158.933 217.866 5.000 100.005 100.000 50.000
040 01 4.855 2.005 0.591 132.194 4993.7 0.000 159.119 218.238 5.000 100.005 100.000 50.000
040 01 4.860 2.010 0.593 132.610 4993.7 0.000 159.305 218.610 5.000 100.005 100.000 50.000
040 01 4.865 2.015 0.595 133.027 4993.7 0.000 159.491 218.983 5.000 100.005 100.000 50.000
040 01 4.870 2.020 0.597 133.443 4993.7 0.000 159.677 219.355 5.000 100.005 100.000 50.000
040 01 4.875 2.025 0.599 133.859 4993.7 0.000 159.864 219.727 5.000 100.005 100.000 50.000
040 01 4.880 2.030 0.600 134.275 4993.7 0.000 160.050 220.099 5.000 100.005 100.000 50.000
040 01 4.885 2.035 0.602 134.691 4993.7 0.000 160.236 220.471 5.000 100.005 100.000 50.000
040 01 4.890 2.040 0.604 135.107 4993.7 0.000 160.422 220.844 5.000 100.005 100.000 50.000
040 01 4.895 2.045 0.606 135.523 4993.7 0.000 160.608 221.216 5.000 100.005 100.000 50.000
040 01 4.900 2.050 0.608 135.940 4993.7 0.000 160.794 221.588 5.000 100.005 100.000 50.000
040 01 4.905 2.055 0.610 136.356 4993.7 0.000 160.980 221.960 5.000 100.005 100.000 50.000
040 01 4.910 2.060 0.612 136.772 4993.7 0.000 161.166 222.333 5.000 100.005 100.000 50.000
040 01 4.915 2.065 0.614 137.188 4993.7 0.000 161.352 222.705 5.000 100.005 100.000 50.000
040 01 4.920 2.070 0.615 137.604 4993.7 0.000 161.538 223.077 5.000 100.005 100.000 50.000
040 01 4.925 2.075 0.617 138.020 4993.7 0.000 161.725 223.449 5.000 100.005 100.000 50.000
040 01 4.930 2.080 0.619 138.436 4993.7 0.000 161.911 223.821 5.000 100.005 100.000 50.000
040 01 4.935 2.085 0.621 138.853 4993.7 0.000 162.097 224.194 5.000 100.005 100.000 50.000
040 01 4.940 2.090 0.623 139.269 4993.7 0.000 162.283 224.566 5.000 100.005 100.000 50.000
040 01 4.945 2.095 0.625 139.685 4993.7 0.000 162.469 224.938 5.000 100.005 100.000 50.000
040 01 4.950 2.100 0.627 140.101 4993.7 0.000 162.655 225.310 5.000 100.005 100.000 50.000
040 01 4.955 2.105 0.628 140.517 4993.7 0.000 162.841 225.682 5.000 100.005 100.000 50.000
040 01 4.960 2.110 0.630 140.933 4993.7 0.000 163.027 226.055 5.000 100.005 100.000 50.000
040 01 4.965 2.115 0.632 141.349 4993.7 0.000 163.213 226.427 5.000 100.005 100.000 50.000
040 01 4.970 2.120 0.634 141.766 4993.7 0.000 163.400 226.799 5.000 100.005 100.000 50.000
040 01 4.975 2.125 0.636 142.182 4993.7 0.000 163.586 227.171 5.000 100.005 100.000 50.000
040 01 4.980 2.130 0.638 142.598 4993.7 0.000 163.772 227.543 5.000 100.005 100.000 50.000
040 01 4.985 2.135 0.640 143.014 4993.7 0.000 163.958 227.916 5.000 100.005 100.000 50.000
040 01 4.990 2.140 0.641 143.430 4993.7 0.000 164.144 228.288 5.000 100.005 100.000 50.000
040 01 4.995 2.145 0.643 143.846 4993.7 0.000 164.330 228.660 5.000 100.005 100.000 50.000
040 01 5.000 2.150 0.645 144.262 4993.7 0.000 164.516 229.032 5.000 100.005 100.000 50.000
040 01 5.005 2.155 0.647 144.679 4993.7 0.000 164.702 229.404 5.000 100.005 100.000 50.000
040 01 5.010 2.160 0.649 145.095 4993.7 0.000 164.888 229.777 5.000 100.005 100.000 50.000
040 01 5.015 2.165 0.651 145.511 4993.7 0.000 165.074 230.149 5.000 100.005 100.000 50.000
040 01 5.020 2.170 0.653 145.927 4993.7 0.000 165.261 230.521 5.000 100.005 100.000 50.000
040 01 5.025 2.175 0.654 146.343 4993.7 0.000 165.447 230.893 5.000 100.005 100.000 50.000
040 01 5.030 2.180 0.656 146.759 4993.7 0.000 165.633 231.266 5.000 100.005 100.000 50.000
040 01 5.035 2.185 0.658 147.175 4993.7 0.000 165.819 231.638 5.000 100.005 100.000 50.000
040 01 5.040 2.190 0.660 147.592 4993.7 0.000 166.005 232.010 5.000 100.005 100.000 50.000
040 01 5.045 2.195 0.662 148.008 4993.7 0.000 166.191 232.382 5.000 100.005 100.000 50.000
040 01 5.050 2.200 0.664 148.424 4993.7 0.000 166.377 232.754 5.000 100.005 100.000 50.000
040 01 5.055 2.205 0.666 148.840 4993.7 0.000 166.563 233.127 5.000 100.005 100.000 50.000
040 01 5.060 2.210 0.667 149.256 4993.7 0.000 166.749 233.499 5.000 100.005 100.000 50.000
040 01 5.065 2.215 0.669 149.672 4993.7 0.000 166.935 233.871 5.000 100.005 100.000 50.000
040 01 5.070 2.220 0.671 150.088 4993.7 0.000 167.122 234.243 5.000 100.005 100.000 50.000
040 01 5.075 2.225 0.673 150.505 4993.7 0.000 167.308 234.615 5.000 100.005 100.000 50.000
040 01 5.080 2.230 0.675 150.921 4993.7 0.000 167.494 234.988 5.000 100.005 100.000 50.000
040 01 5.085 2.235 0.677 151.337 4993.7 0.000 167.680 235.360 5.000 100.005 100.000 50.000
040 01 5.090 2.240 0.679 151.753 4993.7 0.000 167.866 235.732 5.000 100.005 100.000 50.000
040 01 5.095 2.245 0.681 152.169 4993.7 0.000 168.052 236.104 5.000 100.005 100.000 50.000
040 01 5.100 2.250 0.682 152.585 4993.7 0.000 168.238 236.476 5.000 100.005 100.000 50.000
040 01 5.105 2.255 0.684 153.001 4993.7 0.000 168.424 236.849 5.000 100.005 100.000 50.000
040 01 5.110 2.260 0.686 153.418 4993.7 0.000 168.610 237.221 5.000 100.005 100.000 50.000
040 01 5.115 2.265 0.688 153.834 4993.7 0.000 168.797 237.593 5.000 100.005 100.000 50.000
040 01 5.120 2.270 0.690 154.250 4993.7 0.000 168.983 237.965 5.000 100.005 100.000 50.000
040 01 5.125 2.275 0.692 154.666 4993.7 0.000 169.169 238.337 5.000 100.005 100.000 50.000
040 01 5.130 2.280 0.694 155.082 4993.7 0.000 169.355 238.710 5.000 100.005 100.000 50.000
040 01 5.135 2.285 0.695 155.498 4993.7 0.000 169.541 239.082 5.000 100.005 100.000 50.000
040 01 5.140 2.290 0.697 155.914 4993.7 0.000 169.727 239.454 5.000 100.005 100.000 50.000
040 01 5.145 2.295 0.699 156.331 4993.7 0.000 169.913 239.826 5.000 100.005 100.000 50.000
040 01 5.150 2.300 0.701 156.747 4993.7 0.000 170.099 240.199 5.000 100.005 100.000 50.000
040 01 5.155 2.305 0.703 157.163 4993.7 0.000 170.285 240.571 5.000 100.005 100.000 50.000
040 01 5.160 2.310 0.705 157.579 4993.7 0.000 170.471 240.943 5.000 100.005 100.000 50.000
040 01 5.165 2.315 0.707 157.995 4993.7 0.000 170.658 241.315 5.000 100.005 100.000 50.000
040 01 5.170 2.320 0.708 158.411 4993.7 0.000 170.844 241.687 5.000 100.005 100.000 50.000
040 01 5.175 2.325 0.710 158.827 4993.7 0.000 171.030 242.060 5.000 100.005 100.000 50.000
040 01 5.180 2.330 0.712 159.244 4993.7 0.000 171.216 242.432 5.000 100.005 100.000 50.000
040 01 5.185 2.335 0.714 159.660 4993.7 0.000 171.402 242.804 5.000 100.005 100.000 50.000
040 01 5.190 2.340 0.716 160.076 4993.7 0.000 171.588 243.176 5.000 100.005 100.000 50.000
040 01 5.195 2.345 0.718 160.492 4993.7 0.000 171.774 243.548 5.000 100.005 100.000 50.000
040 01 5.200 2.350 0.720 160.908 4993.7 0.000 171.960 243.921 5.000 100.005 100.000 50.000
040 01 5.205 2.355 0.721 161.324 4993.7 0.000 172.146 244.293 5.000 100.005 100.000 50.000
040 01 5.210 2.360 0.723 161.740 4993.7 0.000 172.333 244.665 5.000 100.005 100.000 50.000
040 01 5.215 2.365 0.725 162.157 4993.7 0.000 172.519 245.037 5.000 100.005 100.000 50.000
040 01 5.220 2.370 0.727 162.573 4993.7 0.000 172.705 245.409 5.000 100.005 100.000 50.000
040 01 5.225 2.375 0.729 162.989 4993.7 0.000 172.891 245.782 5.000 100.005 100.000 50.000
040 01 5.230 2.380 0.731 163.405 4993.7 0.000 173.077 246.154 5.000 100.005 100.000 50.000
040 01 5.235 2.385 0.733 163.821 4993.7 0.000 173.263 246.526 5.000 100.005 100.000 50.000
040 01 5.240 2.390 0.734 164.237 4993.7 0.000 173.449 246.898 5.000 100.005 100.000 50.000
040 01 5.245 2.395 0.736 164.653 4993.7 0.000 173.635 247.270 5.000 100.005 100.000 50.000
040 01 5.250 2.400 0.738 165.070 4993.7 0.000 173.821 247.643 5.000 100.005 100.000 50.000
040 01 5.255 2.405 0.740 165.486 4993.7 0.000 174.007 248.015 5.000 100.005 100.000 50.000
040 01 5.260 2.410 0.742 165.902 4993.7 0.000 174.194 248.387 5.000 100.005 100.000 50.000
040 01 5.265 2.415 0.744 166.318 4993.7 0.000 174.380 248.759 5.000 100.005 100.000 50.000
040 01 5.270 2.420 0.746 166.734 4993.7 0.000 174.566 249.132 5.000 100.005 100.000 50.000
040 01 5.275 2.425 0.748 167.150 4993.7 0.000 174.752 249.504 5.000 100.005 100.000 50.000
040 01 5.280 2.430 0.749 167.566 4993.7 0.000 174.938 249.876 5.000 100.005 100.000 50.000
040 01 5.285 2.435 0.751 167.983 4993.7 0.000 175.124 250.248 5.000 100.005 100.000 50.000
040 01 5.290 2.440 0.753 168.399 4993.7 0.000 175.310 250.620 5.000 100.005 100.000 50.000
040 01 5.295 2.445 0.755 168.815 4993.7 0.000 175.496 250.993 5.000 100.005 100.000 50.000
040 01 5.300 2.450 0.757 169.231 4993.7 0.000 175.682 251.365 5.000 100.005 100.000 50.000
040 01 5.305 2.455 0.759 169.647 4993.7 0.000 175.868 251.737 5.000 100.005 100.000 50.000
040 01 5.310 2.460 0.761 170.063 4993.7 0.000 176.055 252.109 5.000 100.005 100.000 50.000
040 01 5.315 2.465 0.762 170.479 4993.7 0.000 176.241 252.481 5.000 100.005 100.000 50.000
040 01 5.320 2.470 0.764 170.896 4993.7 0.000 176.427 252.854 5.000 100.005 100.000 50.000
040 01 5.325 2.475 0.766 171.312 4993.7 0.000 176.613 253.226 5.000 100.005 100.000 50.000
040 01 5.330 2.480 0.768 171.728 4993.7 0.000 176.799 253.598 5.000 100.005 100.000 50.000
040 01 5.335 2.485 0.770 172.144 4993.7 0.000 176.985 253.970 5.000 100.005 100.000 50.000
040 01 5.340 2.490 0.772 172.560 4993.7 0.000 177.171 254.342 5.000 100.005 100.000 50.000
040 01 5.345 2.495 0.774 172.976 4993.7 0.000 177.357 254.715 5.000 100.005 100.000 50.000
040 01 5.350 2.500 0.775 173.392 4993.7 0.000 177.543 255.087 5.000 100.005 100.000 50.000
040 01 5.355 2.505 0.777 173.809 4993.7 0.000 177.730 255.459 5.000 100.005 100.000 50.000
040 01 5.360 2.510 0.779 174.225 4993.7 0.000 177.916 255.831 5.000 100.005 100.000 50.000
040 01 5.365 2.515 0.781 174.641 4993.7 0.000 178.102 256.203 5.000 100.005 100.000 50.000
040 01 5.370 2.520 0.783 175.057 4993.7 0.000 178.288 256.576 5.000 100.005 100.000 50.000
040 01 5.375 2.525 0.785 175.473 4993.7 0.000 178.474 256.948 5.000 100.005 100.000 50.000
040 01 5.380 2.530 0.787 175.889 4993.7 0.000 178.660 257.320 5.000 100.005 100.000 50.000
040 01 5.385 2.535 0.788 176.305 4993.7 0.000 178.846 257.692 5.000 100.005 100.000 50.000
040 01 5.390 2.540 0.790 176.722 4993.7 0.000 179.032 258.065 5.000 100.005 100.000 50.000
040 01 5.395 2.545 0.792 177.138 4993.7 0.000 179.218 258.437 5.000 100.005 100.000 50.000
040 01 5.400 2.550 0.794 177.554 4993.7 0.000 179.404 258.809 5.000 100.005 100.000 50.000
040 01 5.405 2.555 0.796 177.970 4993.7 0.000 179.591 259.181 5.000 100.005 100.000 50.000
040 01 5.410 2.560 0.798 178.386 4993.7 0.000 179.777 259.553 5.000 100.005 100.000 50.000
040 01 5.415 2.565 0.800 178.802 4993.7 0.000 179.963 259.926 5.000 100.005 100.000 50.000
040 01 5.420 2.570 0.801 179.218 4993.7 0.000 180.149 260.298 5.000 100.005 100.000 50.000
040 01 5.425 2.575 0.803 179.634 4993.7 0.000 180.335 260.670 5.000 100.005 100.000 50.000
040 01 5.430 2.580 0.805 180.051 4993.7 0.000 180.521 261.042 5.000 100.005 100.000 50.000
040 01 5.435 2.585 0.807 180.467 4993.7 0.000 180.707 261.414 5.000 100.005 100.000 50.000
040 01 5.440 2.590 0.809 180.883 4993.7 0.000 180.893 261.787 5.000 100.005 100.000 50.000
040 01 5.445 2.595 0.811 181.299 4993.7 0.000 181.079 262.159 5.000 100.005 100.000 50.000
040 01 5.450 2.600 0.813 181.715 4993.7 0.000 181.266 262.531 5.000 100.005 100.000 50.000
040 01 5.455 2.605 0.815 182.131 4993.7 0.000 181.452 262.903 5.000 100.005 100.000 50.000
040 01 5.460 2.610 0.816 182.547 4993.7 0.000 181.638 263.275 5.000 100.005 100.000 50.000
040 01 5.465 2.615 0.818 182.964 4993.7 0.000 181.824 263.648 5.000 100.005 100.000 50.000
040 01 5.470 2.620 0.820 183.380 4993.7 0.000 182.010 264.020 5.000 100.005 100.000 50.000
040 01 5.475 2.625 0.822 183.796 4993.7 0.000 182.196 264.392 5.000 100.005 100.000 50.000
040 01 5.480 2.630 0.824 184.212 4993.7 0.000 182.382 264.764 5.000 100.005 100.000 50.000
040 01 5.485 2.635 0.826 184.628 4993.7 0.000 182.568 265.136 5.000 100.005 100.000 50.000
040 01 5.490 2.640 0.828 185.044 4993.7 0.000 182.754 265.509 5.000 100.005 100.000 50.000
040 01 5.495 2.645 0.829 185.460 4993.7 0.000 182.940 265.881 5.000 100.005 100.000 50.000
040 01 5.500 2.650 0.831 185.877 4993.7 0.000 183.127 266.253 5.000 100.005 100.000 50.000
040 01 5.505 2.655 0.833 186.293 4993.7 0.000 183.313 266.625 5.000 100.005 100.000 50.000
040 01 5.510 2.660 0.835 186.709 4993.7 0.000 183.499 266.998 5.000 100.005 100.000 50.000
040 01 5.515 2.665 0.837 187.125 4993.7 0.000 183.685 267.370 5.000 100.005 100.000 50.000
040 01 5.520 2.670 0.839 187.541 4993.7 0.000 183.871 267.742 5.000 100.005 100.000 50.000
040 01 5.525 2.675 0.841 187.957 4993.7 0.000 184.057 268.114 5.000 100.005 100.000 50.000
040 01 5.530 2.680 0.842 188.373 4993.7 0.000 184.243 268.486 5.000 100.005 100.000 50.000
040 01 5.535 2.685 0.844 188.790 4993.7 0.000 184.429 268.859 5.000 100.005 100.000 50.000
040 01 5.540 2.690 0.846 189.205 4973.7 -99.874 184.615 269.230 5.000 100.005 100.000 50.000
040 01 5.545 2.695 0.848 189.618 4943.8 -99.874 184.800 269.600 5.000 100.005 100.000 50.000
040 01 5.550 2.700 0.850 190.029 4913.8 -99.874 184.984 269.967 5.000 100.005 100.000 50.000
040 01 5.555 2.705 0.852 190.437 4883.8 -99.874 185.166 270.332 5.000 100.005 100.000 50.000
040 01 5.560 2.710 0.853 190.843 4853.9 -99.874 185.348 270.695 5.000 100.005 100.000 50.000
040 01 5.565 2.715 0.855 191.246 4823.9 -99.874 185.528 271.056 5.000 100.005 100.000 50.000
040 01 5.570 2.720 0.857 191.647 4794.0 -99.874 185.707 271.414 5.000 100.005 100.000 50.000
040 01 5.575 2.725 0.859 192.045 4764.0 -99.874 185.885 271.771 5.000 100.005 100.000 50.000
040 01 5.580 2.730 0.861 192.441 4734.0 -99.874 186.062 272.125 5.000 100.005 100.000 50.000
040 01 5.585 2.735 0.862 192.834 4704.1 -99.874 186.238 272.476 5.000 100.005 100.000 50.000
040 01 5.590 2.740 0.864 193.225 4674.1 -99.874 186.413 272.826 5.000 100.005 100.000 50.000
040 01 5.595 2.745 0.866 193.613 4644.1 -99.874 186.587 273.173 5.000 100.005 100.000 50.000
040 01 5.600 2.750 0.868 193.999 4614.2 -99.874 186.759 273.518 5.000 100.005 100.000 50.000
040 01 5.605 2.755 0.869 194.382 4584.2 -99.874 186.930 273.861 5.000 100.005 100.000 50.000
040 01 5.610 2.760 0.871 194.763 4554.3 -99.874 187.101 274.201 5.000 100.005 100.000 50.000
040 01 5.615 2.765 0.873 195.141 4524.3 -99.874 187.270 274.540 5.000 100.005 100.000 50.000
040 01 5.620 2.770 0.874 195.517 4494.3 -99.874 187.438 274.876 5.000 100.005 100.000 50.000
040 01 5.625 2.775 0.876 195.891 4464.4 -99.874 187.605 275.210 5.000 100.005 100.000 50.000
040 01 5.630 2.780 0.878 196.261 4434.4 -99.874 187.771 275.541 5.000 100.005 100.000 50.000
040 01 5.635 2.785 0.879 196.630 4404.4 -99.874 187.935 275.871 5.000 100.005 100.000 50.000
040 01 5.640 2.790 0.881 196.995 4374.5 -99.874 188.099 276.198 5.000 100.005 100.000 50.000
040 01 5.645 2.795 0.883 197.359 4344.5 -99.874 188.261 276.523 5.000 100.005 100.000 50.000
040 01 5.650 2.800 0.884 197.719 4314.6 -99.874 188.423 276.846 5.000 100.005 100.000 50.000
040 01 5.655 2.805 0.886 198.078 4284.6 -99.874 188.583 277.166 5.000 100.005 100.000 50.000
040 01 5.660 2.810 0.887 198.434 4254.6 -99.874 188.742 277.484 5.000 100.005 100.000 50.000
040 01 5.665 2.815 0.889 198.787 4224.7 -99.874 188.900 277.800 5.000 100.005 100.000 50.000
040 01 5.670 2.820 0.891 199.138 4194.7 -99.874 189.057 278.114 5.000 100.005 100.000 50.000
040 01 5.675 2.825 0.892 199.486 4164.7 -99.874 189.213 278.426 5.000 100.005 100.000 50.000
040 01 5.680 2.830 0.894 199.832 4134.8 -99.874 189.367 278.735 5.000 100.005 100.000 50.000
040 01 5.685 2.835 0.895 200.175 4104.8 -99.874 189.521 279.042 5.000 100.005 100.000 50.000
040 01 5.690 2.840 0.897 200.516 4074.9 -99.874 189.673 279.347 5.000 100.005 100.000 50.000
040 01 5.695 2.845 0.898 200.854 4044.9 -99.874 189.825 279.650 5.000 100.005 100.000 50.000
040 01 5.700 2.850 0.900 201.190 4014.9 -99.874 189.975 279.950 5.000 100.005 100.000 50.000
040 01 5.705 2.855 0.901 201.523 3985.0 -99.874 190.124 280.248 5.000 100.005 100.000 50.000
040 01 5.710 2.860 0.903 201.854 3955.0 -99.874 190.272 280.544 5.000 100.005 100.000 50.000
040 01 5.715 2.865 0.904 202.183 3925.0 -99.874 190.419 280.838 5.000 100.005 100.000 50.000
040 01 5.720 2.870 0.906 202.508 3895.1 -99.874 190.565 281.129 5.000 100.005 100.000 50.000
040 01 5.725 2.875 0.907 202.832 3865.1 -99.874 190.709 281.418 5.000 100.005 100.000 50.000
040 01 5.730 2.880 0.909 203.153 3835.2 -99.874 190.853 281.705 5.000 100.005 100.000 50.000
040 01 5.735 2.885 0.910 203.471 3805.2 -99.874 190.995 281.990 5.000 100.005 100.000 50.000
040 01 5.740 2.890 0.911 203.787 3775.2 -99.874 191.136 282.272 5.000 100.005 100.000 50.000
040 01 5.745 2.895 0.913 204.100 3745.3 -99.874 191.276 282.553 5.000 100.005 100.000 50.000
040 01 5.750 2.900 0.914 204.411 3715.3 -99.874 191.415 282.831 5.000 100.005 100.000 50.000
040 01 5.755 2.905 0.916 204.719 3685.4 -99.874 191.553 283.107 5.000 100.005 100.000 50.000
040 01 5.760 2.910 0.917 205.025 3655.4 -99.874 191.690 283.380 5.000 100.005 100.000 50.000
040 01 5.765 2.915 0.918 205.329 3625.4 -99.874 191.826 283.651 5.000 100.005 100.000 50.000
040 01 5.770 2.920 0.920 205.629 3595.5 -99.874 191.960 283.921 5.000 100.005 100.000 50.000
040 01 5.775 2.925 0.921 205.928 3565.5 -99.874 192.094 284.187 5.000 100.005 100.000 50.000
040 01 5.780 2.930 0.922 206.224 3535.5 -99.874 192.226 284.452 5.000 100.005 100.000 50.000
040 01 5.785 2.935 0.924 206.517 3505.6 -99.874 192.357 284.715 5.000 100.005 100.000 50.000
040 01 5.790 2.940 0.925 206.808 3475.6 -99.874 192.487 284.975 5.000 100.005 100.000 50.000
040 01 5.795 2.945 0.926 207.096 3445.7 -99.874 192.616 285.233 5.000 100.005 100.000 50.000
040 01 5.800 2.950 0.927 207.382 3415.7 -99.874 192.744 285.488 5.000 100.005 100.000 50.000
040 01 5.805 2.955 0.929 207.666 3385.7 -99.874 192.871 285.742 5.000 100.005 100.000 50.000
040 01 5.810 2.960 0.930 207.947 3355.8 -99.874 192.997 285.993 5.000 100.005 100.000 50.000
040 01 5.815 2.965 0.931 208.225 3325.8 -99.874 193.121 286.242 5.000 100.005 100.000 50.000
040 01 5.820 2.970 0.932 208.501 3295.8 -99.874 193.244 286.489 5.000 100.005 100.000 50.000
040 01 5.825 2.975 0.934 208.774 3265.9 -99.874 193.367 286.733 5.000 100.005 100.000 50.000
040 01 5.830 2.980 0.935 209.045 3235.9 -99.874 193.488 286.976 5.000 100.005 100.000 50.000
040 01 5.835 2.985 0.936 209.314 3206.0 -99.874 193.608 287.216 5.000 100.005 100.000 50.000
040 01 5.840 2.990 0.937 209.579 3176.0 -99.874 193.727 287.454 5.000 100.005 100.000 50.000
040 01 5.845 2.995 0.938 209.843 3146.0 -99.874 193.845 287.689 5.000 100.005 100.000 50.000
040 01 5.850 3.000 0.940 210.104 3116.1 -99.874 193.961 287.923 5.000 100.005 100.000 50.000
040 01 5.855 3.005 0.941 210.362 3086.1 -99.874 194.077 288.154 5.000 100.005 100.000 50.000
040 01 5.860 3.010 0.942 210.618 3056.1 -99.874 194.191 288.383 5.000 100.005 100.000 50.000
040 01 5.865 3.015 0.943 210.872 3026.2 -99.874 194.305 288.609 5.000 100.005 100.000 50.000
040 01 5.870 3.020 0.944 211.123 2996.2 -99.874 194.417 288.834 5.000 100.005 100.000 50.000
040 01 5.875 3.025 0.945 211.371 2966.3 -99.874 194.528 289.056 5.000 100.005 100.000 50.000
040 01 5.880 3.030 0.946 211.617 2936.3 -99.874 194.638 289.276 5.000 100.005 100.000 50.000
040 01 5.885 3.035 0.947 211.860 2906.3 -99.874 194.747 289.494 5.000 100.005 100.000 50.000
040 01 5.890 3.040 0.949 212.101 2876.4 -99.874 194.855 289.709 5.000 100.005 100.000 50.000
040 01 5.895 3.045 0.950 212.340 2846.4 -99.874 194.961 289.922 5.000 100.005 100.000 50.000
040 01 5.900 3.050 0.951 212.576 2816.4 -99.874 195.067 290.133 5.000 100.005 100.000 50.000
040 01 5.905 3.055 0.952 212.809 2786.5 -99.874 195.171 290.342 5.000 100.005 100.000 50.000
040 01 5.910 3.060 0.953 213.040 2756.5 -99.874 195.274 290.549 5.000 100.005 100.000 50.000
040 01 5.915 3.065 0.954 213.269 2726.6 -99.874 195.377 290.753 5.000 100.005 100.000 50.000
040 01 5.920 3.070 0.955 213.495 2696.6 -99.874 195.478 290.955 5.000 100.005 100.000 50.000
040 01 5.925 3.075 0.956 213.718 2666.6 -99.874 195.578 291.155 5.000 100.005 100.000 50.000
040 01 5.930 3.080 0.957 213.939 2636.7 -99.874 195.676 291.353 5.000 100.005 100.000 50.000
040 01 5.935 3.085 0.958 214.157 2606.7 -99.874 195.774 291.548 5.000 100.005 100.000 50.000
040 01 5.940 3.090 0.959 214.373 2576.7 -99.874 195.871 291.741 5.000 100.005 100.000 50.000
040 01 5.945 3.095 0.960 214.587 2546.8 -99.874 195.966 291.932 5.000 100.005 100.000 50.000
040 01 5.950 3.100 0.961 214.798 2516.8 -99.874 196.061 292.121 5.000 100.005 100.000 50.000
040 01 5.955 3.105 0.962 215.006 2486.9 -99.874 196.154 292.308 5.000 100.005 100.000 50.000
040 01 5.960 3.110 0.962 215.212 2456.9 -99.874 196.246 292.492 5.000 100.005 100.000 50.000
040 01 5.965 3.115 0.963 215.416 2426.9 -99.874 196.337 292.674 5.000 100.005 100.000 50.000
040 01 5.970 3.120 0.964 215.617 2397.0 -99.874 196.427 292.854 5.000 100.005 100.000 50.000
040 01 5.975 3.125 0.965 215.815 2367.0 -99.874 196.516 293.031 5.000 100.005 100.000 50.000
040 01 5.980 3.130 0.966 216.011 2337.1 -99.874 196.603 293.206 5.000 100.005 100.000 50.000
040 01 5.985 3.135 0.967 216.205 2307.1 -99.874 196.690 293.380 5.000 100.005 100.000 50.000
040 01 5.990 3.140 0.968 216.396 2277.1 -99.874 196.775 293.550 5.000 100.005 100.000 50.000
040 01 5.995 3.145 0.969 216.584 2247.2 -99.874 196.859 293.719 5.000 100.005 100.000 50.000
040 01 6.000 3.150 0.969 216.770 2217.2 -99.874 196.943 293.885 5.000 100.005 100.000 50.000
040 01 6.005 3.155 0.970 216.954 2187.2 -99.874 197.025 294.050 5.000 100.005 100.000 50.000
040 01 6.010 3.160 0.971 217.135 2157.3 -99.874 197.106 294.211 5.000 100.005 100.000 50.000
040 01 6.015 3.165 0.972 217.313 2127.3 -99.874 197.186 294.371 5.000 100.005 100.000 50.000
040 01 6.020 3.170 0.973 217.490 2097.4 -99.874 197.264 294.529 5.000 100.005 100.000 50.000
040 01 6.025 3.175 0.973 217.663 2067.4 -99.874 197.342 294.684 5.000 100.005 100.000 50.000
040 01 6.030 3.180 0.974 217.834 2037.4 -99.874 197.418 294.837 5.000 100.005 100.000 50.000
040 01 6.035 3.185 0.975 218.003 2007.5 -99.874 197.494 294.987 5.000 100.005 100.000 50.000
040 01 6.040 3.190 0.976 218.169 1977.5 -99.874 197.568 295.136 5.000 100.005 100.000 50.000
040 01 6.045 3.195 0.976 218.332 1947.5 -99.874 197.641 295.282 5.000 100.005 100.000 50.000
040 01 6.050 3.200 0.977 218.493 1917.6 -99.874 197.713 295.426 5.000 100.005 100.000 50.000
040 01 6.055 3.205 0.978 218.652 1887.6 -99.874 197.784 295.568 5.000 100.005 100.000 50.000
040 01 6.060 3.210 0.979 218.808 1857.7 -99.874 197.854 295.708 5.000 100.005 100.000 50.000
040 01 6.065 3.215 0.979 218.961 1827.7 -99.874 197.923 295.845 5.000 100.005 100.000 50.000
040 01 6.070 3.220 0.980 219.112 1797.7 -99.874 197.990 295.980 5.000 100.005 100.000 50.000
040 01 6.075 3.225 0.981 219.261 1767.8 -99.874 198.057 296.113 5.000 100.005 100.000 50.000
040 01 6.080 3.230 0.981 219.407 1737.8 -99.874 198.122 296.244 5.000 100.005 100.000 50.000
040 01 6.085 3.235 0.982 219.551 1707.8 -99.874 198.186 296.372 5.000 100.005 100.000 50.000
040 01 6.090 3.240 0.982 219.692 1677.9 -99.874 198.249 296.498 5.000 100.005 100.000 50.000
040 01 6.095 3.245 0.983 219.830 1647.9 -99.874 198.311 296.622 5.000 100.005 100.000 50.000
040 01 6.100 3.250 0.984 219.966 1618.0 -99.874 198.372 296.744 5.000 100.005 100.000 50.000
040 01 6.105 3.255 0.984 220.100 1588.0 -99.874 198.432 296.863 5.000 100.005 100.000 50.000
040 01 6.110 3.260 0.985 220.231 1558.0 -99.874 198.490 296.981 5.000 100.005 100.000 50.000
040 01 6.115 3.265 0.985 220.360 1528.1 -99.874 198.548 297.096 5.000 100.005 100.000 50.000
040 01 6.120 3.270 0.986 220.486 1498.1 -99.874 198.604 297.208 5.000 100.005 100.000 50.000
040 01 6.125 3.275 0.987 220.609 1468.1 -99.874 198.659 297.319 5.000 100.005 100.000 50.000
040 01 6.130 3.280 0.987 220.730 1438.2 -99.874 198.714 297.427 5.000 100.005 100.000 50.000
040 01 6.135 3.285 0.988 220.849 1408.2 -99.874 198.767 297.533 5.000 100.005 100.000 50.000
040 01 6.140 3.290 0.988 220.965 1378.3 -99.874 198.819 297.637 5.000 100.005 100.000 50.000
040 01 6.145 3.295 0.989 221.079 1348.3 -99.874 198.869 297.739 5.000 100.005 100.000 50.000
040 01 6.150 3.300 0.989 221.190 1318.3 -99.874 198.919 297.838 5.000 100.005 100.000 50.000
040 01 6.155 3.305 0.990 221.298 1288.4 -99.874 198.968 297.935 5.000 100.005 100.000 50.000
040 01 6.160 3.310 0.990 221.405 1258.4 -99.874 199.015 298.030 5.000 100.005 100.000 50.000
040 01 6.165 3.315 0.991 221.508 1228.5 -99.874 199.061 298.123 5.000 100.005 100.000 50.000
040 01 6.170 3.320 0.991 221.609 1198.5 -99.874 199.107 298.213 5.000 100.005 100.000 50.000
040 01 6.175 3.325 0.992 221.708 1168.5 -99.874 199.151 298.302 5.000 100.005 100.000 50.000
040 01 6.180 3.330 0.992 221.804 1138.6 -99.874 199.194 298.388 5.000 100.005 100.000 50.000
040 01 6.185 3.335 0.992 221.898 1108.6 -99.874 199.236 298.471 5.000 100.005 100.000 50.000
040 01 6.190 3.340 0.993 221.989 1078.6 -99.874 199.276 298.553 5.000 100.005 100.000 50.000
040 01 6.195 3.345 0.993 222.077 1048.7 -99.874 199.316 298.632 5.000 100.005 100.000 50.000
040 01 6.200 3.350 0.994 222.164 1018.7 -99.874 199.355 298.709 5.000 100.005 100.000 50.000
040 01 6.205 3.355 0.994 222.247 988.8 -99.874 199.392 298.784 5.000 100.005 100.000 50.000
040 01 6.210 3.360 0.994 222.328 958.8 -99.874 199.428 298.857 5.000 100.005 100.000 50.000
040 01 6.215 3.365 0.995 222.407 928.8 -99.874 199.463 298.927 5.000 100.005 100.000 50.000
040 01 6.220 3.370 0.995 222.483 898.9 -99.874 199.498 298.995 5.000 100.005 100.000 50.000
040 01 6.225 3.375 0.995 222.557 868.9 -99.874 199.530 299.061 5.000 100.005 100.000 50.000
040 01 6.230 3.380 0.996 222.628 838.9 -99.874 199.562 299.125 5.000 100.005 100.000 50.000
040 01 6.235 3.385 0.996 222.697 809.0 -99.874 199.593 299.186 5.000 100.005 100.000 50.000
040 01 6.240 3.390 0.996 222.763 779.0 -99.874 199.623 299.245 5.000 100.005 100.000 50.000
040 01 6.245 3.395 0.997 222.827 749.1 -99.874 199.651 299.302 5.000 100.005 100.000 50.000
040 01 6.250 3.400 0.997 222.888 719.1 -99.874 199.678 299.357 5.000 100.005 100.000 50.000
040 01 6.255 3.405 0.997 222.946 689.1 -99.874 199.705 299.409 5.000 100.005 100.000 50.000
040 01 6.260 3.410 0.997 223.003 659.2 -99.874 199.730 299.460 5.000 100.005 100.000 50.000
040 01 6.265 3.415 0.998 223.056 629.2 -99.874 199.754 299.508 5.000 100.005 100.000 50.000
040 01 6.270 3.420 0.998 223.107 599.2 -99.874 199.777 299.553 5.000 100.005 100.000 50.000
040 01 6.275 3.425 0.998 223.156 569.3 -99.874 199.798 299.597 5.000 100.005 100.000 50.000
040 01 6.280 3.430 0.998 223.202 539.3 -99.874 199.819 299.638 5.000 100.005 100.000 50.000
040 01 6.285 3.435 0.998 223.246 509.4 -99.874 199.839 299.677 5.000 100.005 100.000 50.000
040 01 6.290 3.440 0.999 223.287 479.4 -99.874 199.857 299.714 5.000 100.005 100.000 50.000
040 01 6.295 3.445 0.999 223.326 449.4 -99.874 199.874 299.749 5.000 100.005 100.000 50.000
040 01 6.300 3.450 0.999 223.362 419.5 -99.874 199.891 299.781 5.000 100.005 100.000 50.000
040 01 6.305 3.455 0.999 223.396 389.5 -99.874 199.906 299.811 5.000 100.005 100.000 50.000
040 01 6.310 3.460 0.999 223.427 359.5 -99.874 199.920 299.839 5.000 100.005 100.000 50.000
040 01 6.315 3.465 0.999 223.456 329.6 -99.874 199.932 299.865 5.000 100.005 100.000 50.000
040 01 6.320 3.470 0.999 223.482 299.6 -99.874 199.944 299.888 5.000 100.005 100.000 50.000
040 01 6.325 3.475 1.000 223.506 269.7 -99.874 199.955 299.910 5.000 100.005 100.000 50.000
040 01 6.330 3.480 1.000 223.527 239.7 -99.874 199.964 299.929 5.000 100.005 100.000 50.000
040 01 6.335 3.485 1.000 223.546 209.7 -99.874 199.973 299.945 5.000 100.005 100.000 50.000
040 01 6.340 3.490 1.000 223.562 179.8 -99.874 199.980 299.960 5.000 100.005 100.000 50.000
040 01 6.345 3.495 1.000 223.576 149.8 -99.874 199.986 299.972 5.000 100.005 100.000 50.000
040 01 6.350 3.500 1.000 223.587 119.8 -99.874 199.991 299.982 5.000 100.005 100.000 50.000
040 01 6.355 3.505 1.000 223.596 89.9 -99.874 199.995 299.990 5.000 100.005 100.000 50.000
040 01 6.360 3.510 1.000 223.602 59.9 -99.874 199.998 299.996 5.000 100.005 100.000 50.000
040 01 6.365 3.515 1.000 223.606 30.0 -99.874 199.999 299.999 5.000 100.005 100.000 50.000
040 01 6.370 3.520 1.000 223.607 0.0 -99.874 200.000 300.000 5.000 100.005 100.000 50.000
040 01 6.375 3.525 0.004 1.000 0.0 0.000 100.447 100.894 5.000 100.005 100.000 50.000
050 01 6.385 0.000 0.000 0.000 0.0 99.861 200.000 300.000 5.000 100.005 100.000 50.000
050 01 6.390 0.005 0.000 0.001 30.0 99.861 200.000 300.001 5.000 100.005 100.000 50.000
050 01 6.395 0.010 0.000 0.005 59.9 99.861 200.000 300.005 5.000 100.005 100.000 50.000
050 01 6.400 0.015 0.000 0.011 89.9 99.861 200.000 300.011 5.000 100.005 100.000 50.000
050 01 6.405 0.020 0.000 0.020 119.8 99.861 200.000 300.020 5.000 100.005 100.000 50.000
050 01 6.410 0.025 0.000 0.031 149.8 99.861 200.000 300.031 5.000 100.005 100.000 50.000
050 01 6.415 0.030 0.000 0.045 179.8 99.861 200.000 300.045 5.000 100.005 100.000 50.000
050 01 6.420 0.035 0.001 0.061 209.7 99.861 200.000 300.061 5.000 100.005 100.000 50.000
050 01 6.425 0.040 0.001 0.080 239.7 99.861 200.000 300.080 5.000 100.005 100.000 50.000
050 01 6.430 0.045 0.001 0.101 269.6 99.861 200.000 300.101 5.000 100.005 100.000 50.000
050 01 6.435 0.050 0.001 0.125 299.6 99.861 200.000 300.125 5.000 100.005 100.000 50.000
050 01 6.440 0.055 0.002 0.151 329.5 99.861 200.000 300.151 5.000 100.005 100.000 50.000
050 01 6.445 0.060 0.002 0.180 359.5 99.861 200.000 300.180 5.000 100.005 100.000 50.000
050 01 6.450 0.065 0.002 0.211 389.5 99.861 200.000 300.211 5.000 100.005 100.000 50.000
050 01 6.455 0.070 0.002 0.245 419.4 99.861 200.000 300.245 5.000 100.005 100.000 50.000
050 01 6.460 0.075 0.003 0.281 449.4 99.861 200.000 300.281 5.000 100.005 100.000 50.000
050 01 6.465 0.080 0.003 0.320 479.3 99.861 200.000 300.320 5.000 100.005 100.000 50.000
050 01 6.470 0.085 0.004 0.361 509.3 99.861 200.000 300.361 5.000 100.005 100.000 50.000
050 01 6.475 0.090 0.004 0.404 539.3 99.861 200.000 300.404 5.000 100.005 100.000 50.000
050 01 6.480 0.095 0.005 0.451 569.2 99.861 200.000 300.451 5.000 100.005 100.000 50.000
050 01 6.485 0.100 0.005 0.499 599.2 99.861 200.000 300.499 5.000 100.005 100.000 50.000
050 01 6.490 0.105 0.006 0.550 629.1 99.861 200.000 300.550 5.000 100.005 100.000 50.000
050 01 6.495 0.110 0.006 0.604 659.1 99.861 200.000 300.604 5.000 100.005 100.000 50.000
050 01 6.500 0.115 0.007 0.660 689.0 99.861 200.000 300.660 5.000 100.005 100.000 50.000
050 01 6.505 0.120 0.007 0.719 719.0 99.861 200.000 300.719 5.000 100.005 100.000 50.000
050 01 6.510 0.125 0.008 0.780 749.0 99.861 200.000 300.780 5.000 100.005 100.000 50.000
050 01 6.515 0.130 0.008 0.844 778.9 99.861 200.000 300.844 5.000 100.005 100.000 50.000
050 01 6.520 0.135 0.009 0.910 808.9 99.861 200.000 300.910 5.000 100.005 100.000 50.000
050 01 6.525 0.140 0.010 0.979 838.8 99.861 200.000 300.979 5.000 100.005 100.000 50.000
050 01 6.530 0.145 0.010 1.050 868.8 99.861 200.000 301.050 5.000 100.005 100.000 50.000
050 01 6.535 0.150 0.011 1.123 898.8 99.861 200.000 301.123 5.000 100.005 100.000 50.000
050 01 6.540 0.155 0.012 1.200 928.7 99.861 200.000 301.200 5.000 100.005 100.000 50.000
050 01 6.545 0.160 0.013 1.278 958.7 99.861 200.000 301.278 5.000 100.005 100.000 50.000
050 01 6.550 0.165 0.014 1.359 988.6 99.861 200.000 301.359 5.000 100.005 100.000 50.000
050 01 6.555 0.170 0.014 1.443 1018.6 99.861 200.000 301.443 5.000 100.005 100.000 50.000
050 01 6.560 0.175 0.015 1.529 1048.5 99.861 200.000 301.529 5.000 100.005 100.000 50.000
050 01 6.565 0.180 0.016 1.618 1078.5 99.861 200.000 301.618 5.000 100.005 100.000 50.000
050 01 6.570 0.185 0.017 1.709 1108.5 99.861 200.000 301.709 5.000 100.005 100.000 50.000
050 01 6.575 0.190 0.018 1.802 1138.4 99.861 200.000 301.802 5.000 100.005 100.000 50.000
050 01 6.580 0.195 0.019 1.899 1168.4 99.861 200.000 301.899 5.000 100.005 100.000 50.000
050 01 6.585 0.200 0.020 1.997 1198.3 99.861 200.000 301.997 5.000 100.005 100.000 50.000
050 01 6.590 0.205 0.021 2.098 1228.3 99.861 200.000 302.098 5.000 100.005 100.000 50.000
050 01 6.595 0.210 0.022 2.202 1258.3 99.861 200.000 302.202 5.000 100.005 100.000 50.000
050 01 6.600 0.215 0.023 2.308 1288.2 99.861 200.000 302.308 5.000 100.005 100.000 50.000
050 01 6.605 0.220 0.024 2.417 1318.2 99.861 200.000 302.417 5.000 100.005 100.000 50.000
050 01 6.610 0.225 0.025 2.528 1348.1 99.861 200.000 302.528 5.000 100.005 100.000 50.000
050 01 6.615 0.230 0.026 2.641 1378.1 99.861 200.000 302.641 5.000 100.005 100.000 50.000
050 01 6.620 0.235 0.028 2.757 1408.0 99.861 200.000 302.757 5.000 100.005 100.000 50.000
050 01 6.625 0.240 0.029 2.876 1438.0 99.861 200.000 302.876 5.000 100.005 100.000 50.000
050 01 6.630 0.245 0.030 2.997 1468.0 99.861 200.000 302.997 5.000 100.005 100.000 50.000
050 01 6.635 0.250 0.031 3.121 1497.9 99.861 200.000 303.121 5.000 100.005 100.000 50.000
050 01 6.640 0.255 0.032 3.247 1527.9 99.861 200.000 303.247 5.000 100.005 100.000 50.000
050 01 6.645 0.260 0.034 3.375 1557.8 99.861 200.000 303.375 5.000 100.005 100.000 50.000
050 01 6.650 0.265 0.035 3.506 1587.8 99.861 200.000 303.506 5.000 100.005 100.000 50.000
050 01 6.655 0.270 0.036 3.640 1617.8 99.861 200.000 303.640 5.000 100.005 100.000 50.000
050 01 6.660 0.275 0.038 3.776 1647.7 99.861 200.000 303.776 5.000 100.005 100.000 50.000
050 01 6.665 0.280 0.039 3.915 1677.7 99.861 200.000 303.915 5.000 100.005 100.000 50.000
050 01 6.670 0.285 0.041 4.056 1707.6 99.861 200.000 304.056 5.000 100.005 100.000 50.000
050 01 6.675 0.290 0.042 4.199 1737.6 99.861 200.000 304.199 5.000 100.005 100.000 50.000
050 01 6.680 0.295 0.043 4.345 1767.5 99.861 200.000 304.345 5.000 100.005 100.000 50.000
050 01 6.685 0.300 0.045 4.494 1797.5 99.861 200.000 304.494 5.000 100.005 100.000 50.000
050 01 6.690 0.305 0.046 4.645 1827.5 99.861 200.000 304.645 5.000 100.005 100.000 50.000
050 01 6.695 0.310 0.048 4.798 1857.4 99.861 200.000 304.798 5.000 100.005 100.000 50.000
050 01 6.700 0.315 0.050 4.954 1887.4 99.861 200.000 304.954 5.000 100.005 100.000 50.000
050 01 6.705 0.320 0.051 5.113 1917.3 99.861 200.000 305.113 5.000 100.005 100.000 50.000
050 01 6.710 0.325 0.053 5.274 1947.3 99.861 200.000 305.274 5.000 100.005 100.000 50.000
050 01 6.715 0.330 0.054 5.437 1977.3 99.861 200.000 305.437 5.000 100.005 100.000 50.000
050 01 6.720 0.335 0.056 5.603 2007.2 99.861 200.000 305.603 5.000 100.005 100.000 50.000
050 01 6.725 0.340 0.058 5.772 2037.2 99.861 200.000 305.772 5.000 100.005 100.000 50.000
050 01 6.730 0.345 0.059 5.943 2067.1 99.861 200.000 305.943 5.000 100.005 100.000 50.000
050 01 6.735 0.350 0.061 6.117 2097.1 99.861 200.000 306.117 5.000 100.005 100.000 50.000
050 01 6.740 0.355 0.063 6.293 2127.0 99.861 200.000 306.293 5.000 100.005 100.000 50.000
050 01 6.745 0.360 0.065 6.471 2157.0 99.861 200.000 306.471 5.000 100.005 100.000 50.000
050 01 6.750 0.365 0.067 6.652 2187.0 99.861 200.000 306.652 5.000 100.005 100.000 50.000
050 01 6.755 0.370 0.068 6.836 2216.9 99.861 200.000 306.836 5.000 100.005 100.000 50.000
050 01 6.760 0.375 0.070 7.021 2246.9 99.861 200.000 307.021 5.000 100.005 100.000 50.000
050 01 6.765 0.380 0.072 7.210 2276.8 99.861 200.000 307.210 5.000 100.005 100.000 50.000
050 01 6.770 0.385 0.074 7.401 2306.8 99.861 200.000 307.401 5.000 100.005 100.000 50.000
050 01 6.775 0.390 0.076 7.594 2336.8 99.861 200.000 307.594 5.000 100.005 100.000 50.000
050 01 6.780 0.395 0.078 7.790 2366.7 99.861 200.000 307.790 5.000 100.005 100.000 50.000
050 01 6.785 0.400 0.080 7.989 2396.7 99.861 200.000 307.989 5.000 100.005 100.000 50.000
050 01 6.790 0.405 0.082 8.190 2426.6 99.861 200.000 308.190 5.000 100.005 100.000 50.000
050 01 6.795 0.410 0.084 8.393 2456.6 99.861 200.000 308.393 5.000 100.005 100.000 50.000
050 01 6.800 0.415 0.086 8.599 2486.5 99.861 200.000 308.599 5.000 100.005 100.000 50.000
050 01 6.805 0.420 0.088 8.808 2516.5 99.861 200.000 308.808 5.000 100.005 100.000 50.000
050 01 6.810 0.425 0.090 9.019 2546.5 99.861 200.000 309.019 5.000 100.005 100.000 50.000
050 01 6.815 0.430 0.092 9.232 2576.4 99.861 200.000 309.232 5.000 100.005 100.000 50.000
050 01 6.820 0.435 0.094 9.448 2606.4 99.861 200.000 309.448 5.000 100.005 100.000 50.000
050 01 6.825 0.440 0.097 9.667 2636.3 99.861 200.000 309.667 5.000 100.005 100.000 50.000
050 01 6.830 0.445 0.099 9.888 2666.3 99.861 200.000 309.888 5.000 100.005 100.000 50.000
050 01 6.835 0.450 0.101 10.111 2696.3 99.861 200.000 310.111 5.000 100.005 100.000 50.000
050 01 6.840 0.455 0.103 10.337 2726.2 99.861 200.000 310.337 5.000 100.005 100.000 50.000
050 01 6.845 0.460 0.106 10.565 2756.2 99.861 200.000 310.565 5.000 100.005 100.000 50.000
050 01 6.850 0.465 0.108 10.796 2786.1 99.861 200.000 310.796 5.000 100.005 100.000 50.000
050 01 6.855 0.470 0.110 11.030 2816.1 99.861 200.000 311.030 5.000 100.005 100.000 50.000
050 01 6.860 0.475 0.113 11.266 2846.0 99.861 200.000 311.266 5.000 100.005 100.000 50.000
050 01 6.865 0.480 0.115 11.504 2876.0 99.861 200.000 311.504 5.000 100.005 100.000 50.000
050 01 6.870 0.485 0.117 11.745 2906.0 99.861 200.000 311.745 5.000 100.005 100.000 50.000
050 01 6.875 0.490 0.120 11.988 2935.9 99.861 200.000 311.988 5.000 100.005 100.000 50.000
050 01 6.880 0.495 0.122 12.234 2965.9 99.861 200.000 312.234 5.000 100.005 100.000 50.000
050 01 6.885 0.500 0.125 12.483 2995.8 99.861 200.000 312.483 5.000 100.005 100.000 50.000
050 01 6.890 0.505 0.127 12.734 3025.8 99.861 200.000 312.734 5.000 100.005 100.000 50.000
050 01 6.895 0.510 0.130 12.987 3055.8 99.861 200.000 312.987 5.000 100.005 100.000 50.000
050 01 6.900 0.515 0.132 13.243 3085.7 99.861 200.000 313.243 5.000 100.005 100.000 50.000
050 01 6.905 0.520 0.135 13.501 3115.7 99.861 200.000 313.501 5.000 100.005 100.000 50.000
050 01 6.910 0.525 0.138 13.762 3145.6 99.861 200.000 313.762 5.000 100.005 100.000 50.000
050 01 6.915 0.530 0.140 14.026 3175.6 99.861 200.000 314.026 5.000 100.005 100.000 50.000
050 01 6.920 0.535 0.143 14.291 3205.5 99.861 200.000 314.291 5.000 100.005 100.000 50.000
050 01 6.925 0.540 0.146 14.560 3235.5 99.861 200.000 314.560 5.000 100.005 100.000 50.000
050 01 6.930 0.545 0.148 14.831 3265.5 99.861 200.000 314.831 5.000 100.005 100.000 50.000
050 01 6.935 0.550 0.151 15.104 3295.4 99.861 200.000 315.104 5.000 100.005 100.000 50.000
050 01 6.940 0.555 0.154 15.380 3325.4 99.861 200.000 315.380 5.000 100.005 100.000 50.000
050 01 6.945 0.560 0.157 15.658 3355.3 99.861 200.000 315.658 5.000 100.005 100.000 50.000
050 01 6.950 0.565 0.159 15.939 3385.3 99.861 200.000 315.939 5.000 100.005 100.000 50.000
050 01 6.955 0.570 0.162 16.222 3415.3 99.861 200.000 316.222 5.000 100.005 100.000 50.000
050 01 6.960 0.575 0.165 16.508 3445.2 99.861 200.000 316.508 5.000 100.005 100.000 50.000
050 01 6.965 0.580 0.168 16.797 3475.2 99.861 200.000 316.797 5.000 100.005 100.000 50.000
050 01 6.970 0.585 0.171 17.088 3505.1 99.861 200.000 317.088 5.000 100.005 100.000 50.000
050 01 6.975 0.590 0.174 17.381 3535.1 99.861 200.000 317.381 5.000 100.005 100.000 50.000
050 01 6.980 0.595 0.177 17.677 3565.0 99.861 200.000 317.677 5.000 100.005 100.000 50.000
050 01 6.985 0.600 0.180 17.975 3595.0 99.861 200.000 317.975 5.000 100.005 100.000 50.000
050 01 6.990 0.605 0.183 18.276 3625.0 99.861 200.000 318.276 5.000 100.005 100.000 50.000
050 01 6.995 0.610 0.186 18.579 3654.9 99.861 200.000 318.579 5.000 100.005 100.000 50.000
050 01 7.000 0.615 0.189 18.885 3684.9 99.861 200.000 318.885 5.000 100.005 100.000 50.000
050 01 7.005 0.620 0.192 19.193 3714.8 99.861 200.000 319.193 5.000 100.005 100.000 50.000
050 01 7.010 0.625 0.195 19.504 3744.8 99.861 200.000 319.504 5.000 100.005 100.000 50.000
050 01 7.015 0.630 0.198 19.817 3774.8 99.861 200.000 319.817 5.000 100.005 100.000 50.000
050 01 7.020 0.635 0.201 20.133 3804.7 99.861 200.000 320.133 5.000 100.005 100.000 50.000
050 01 7.025 0.640 0.205 20.452 3834.7 99.861 200.000 320.452 5.000 100.005 100.000 50.000
050 01 7.030 0.645 0.208 20.772 3864.6 99.861 200.000 320.772 5.000 100.005 100.000 50.000
050 01 7.035 0.650 0.211 21.096 3894.6 99.861 200.000 321.096 5.000 100.005 100.000 50.000
050 01 7.040 0.655 0.214 21.421 3924.5 99.861 200.000 321.421 5.000 100.005 100.000 50.000
050 01 7.045 0.660 0.217 21.750 3954.5 99.861 200.000 321.750 5.000 100.005 100.000 50.000
050 01 7.050 0.665 0.221 22.081 3984.5 99.861 200.000 322.081 5.000 100.005 100.000 50.000
050 01 7.055 0.670 0.224 22.414 4014.4 99.861 200.000 322.414 5.000 100.005 100.000 50.000
050 01 7.060 0.675 0.227 22.750 4044.4 99.861 200.000 322.750 5.000 100.005 100.000 50.000
050 01 7.065 0.680 0.231 23.088 4074.3 99.861 200.000 323.088 5.000 100.005 100.000 50.000
050 01 7.070 0.685 0.234 23.429 4104.3 99.861 200.000 323.429 5.000 100.005 100.000 50.000
050 01 7.075 0.690 0.238 23.772 4134.3 99.861 200.000 323.772 5.000 100.005 100.000 50.000
050 01 7.080 0.695 0.241 24.118 4164.2 99.861 200.000 324.118 5.000 100.005 100.000 50.000
050 01 7.085 0.700 0.245 24.466 4194.2 99.861 200.000 324.466 5.000 100.005 100.000 50.000
050 01 7.090 0.705 0.248 24.817 4224.1 99.861 200.000 324.817 5.000 100.005 100.000 50.000
050 01 7.095 0.710 0.252 25.170 4254.1 99.861 200.000 325.170 5.000 100.005 100.000 50.000
050 01 7.100 0.715 0.255 25.526 4284.0 99.861 200.000 325.526 5.000 100.005 100.000 50.000
050 01 7.105 0.720 0.259 25.884 4314.0 99.861 200.000 325.884 5.000 100.005 100.000 50.000
050 01 7.110 0.725 0.262 26.245 4344.0 99.861 200.000 326.245 5.000 100.005 100.000 50.000
050 01 7.115 0.730 0.266 26.608 4373.9 99.861 200.000 326.608 5.000 100.005 100.000 50.000
050 01 7.120 0.735 0.270 26.974 4403.9 99.861 200.000 326.974 5.000 100.005 100.000 50.000
050 01 7.125 0.740 0.273 27.342 4433.8 99.861 200.000 327.342 5.000 100.005 100.000 50.000
050 01 7.130 0.745 0.277 27.713 4463.8 99.861 200.000 327.713 5.000 100.005 100.000 50.000
050 01 7.135 0.750 0.281 28.086 4493.8 99.861 200.000 328.086 5.000 100.005 100.000 50.000
050 01 7.140 0.755 0.285 28.462 4523.7 99.861 200.000 328.462 5.000 100.005 100.000 50.000
050 01 7.145 0.760 0.288 28.840 4553.7 99.861 200.000 328.840 5.000 100.005 100.000 50.000
050 01 7.150 0.765 0.292 29.221 4583.6 99.861 200.000 329.221 5.000 100.005 100.000 50.000
050 01 7.155 0.770 0.296 29.604 4613.6 99.861 200.000 329.604 5.000 100.005 100.000 50.000
050 01 7.160 0.775 0.300 29.990 4643.6 99.861 200.000 329.990 5.000 100.005 100.000 50.000
050 01 7.165 0.780 0.304 30.378 4673.5 99.861 200.000 330.378 5.000 100.005 100.000 50.000
050 01 7.170 0.785 0.308 30.769 4703.5 99.861 200.000 330.769 5.000 100.005 100.000 50.000
050 01 7.175 0.790 0.312 31.162 4733.4 99.861 200.000 331.162 5.000 100.005 100.000 50.000
050 01 7.180 0.795 0.316 31.557 4763.4 99.861 200.000 331.557 5.000 100.005 100.000 50.000
050 01 7.185 0.800 0.320 31.956 4793.3 99.861 200.000 331.956 5.000 100.005 100.000 50.000
050 01 7.190 0.805 0.324 32.356 4823.3 99.861 200.000 332.356 5.000 100.005 100.000 50.000
050 01 7.195 0.810 0.328 32.760 4853.3 99.861 200.000 332.760 5.000 100.005 100.000 50.000
050 01 7.200 0.815 0.332 33.165 4883.2 99.861 200.000 333.165 5.000 100.005 100.000 50.000
050 01 7.205 0.820 0.336 33.573 4913.2 99.861 200.000 333.573 5.000 100.005 100.000 50.000
050 01 7.210 0.825 0.340 33.984 4943.1 99.861 200.000 333.984 5.000 100.005 100.000 50.000
050 01 7.215 0.830 0.344 34.397 4973.1 99.861 200.000 334.397 5.000 100.005 100.000 50.000
050 01 7.220 0.835 0.348 34.813 4993.1 0.000 200.000 334.813 5.000 100.005 100.000 50.000
050 01 7.225 0.840 0.352 35.229 4993.1 0.000 200.000 335.229 5.000 100.005 100.000 50.000
050 01 7.230 0.845 0.356 35.645 4993.1 0.000 200.000 335.645 5.000 100.005 100.000 50.000
050 01 7.235 0.850 0.361 36.061 4993.1 0.000 200.000 336.061 5.000 100.005 100.000 50.000
050 01 7.240 0.855 0.365 36.477 4993.1 0.000 200.000 336.477 5.000 100.005 100.000 50.000
050 01 7.245 0.860 0.369 36.893 4993.1 0.000 200.000 336.893 5.000 100.005 100.000 50.000
050 01 7.250 0.865 0.373 37.309 4993.1 0.000 200.000 337.309 5.000 100.005 100.000 50.000
050 01 7.255 0.870 0.377 37.725 4993.1 0.000 200.000 337.725 5.000 100.005 100.000 50.000
050 01 7.260 0.875 0.381 38.141 4993.1 0.000 200.000 338.141 5.000 100.005 100.000 50.000
050 01 7.265 0.880 0.386 38.558 4993.1 0.000 200.000 338.558 5.000 100.005 100.000 50.000
050 01 7.270 0.885 0.390 38.974 4993.1 0.000 200.000 338.974 5.000 100.005 100.000 50.000
050 01 7.275 0.890 0.394 39.390 4993.1 0.000 200.000 339.390 5.000 100.005 100.000 50.000
050 01 7.280 0.895 0.398 39.806 4993.1 0.000 200.000 339.806 5.000 100.005 100.000 50.000
050 01 7.285 0.900 0.402 40.222 4993.1 0.000 200.000 340.222 5.000 100.005 100.000 50.000
050 01 7.290 0.905 0.406 40.638 4993.1 0.000 200.000 340.638 5.000 100.005 100.000 50.000
050 01 7.295 0.910 0.411 41.054 4993.1 0.000 200.000 341.054 5.000 100.005 100.000 50.000
050 01 7.300 0.915 0.415 41.470 4993.1 0.000 200.000 341.470 5.000 100.005 100.000 50.000
050 01 7.305 0.920 0.419 41.886 4993.1 0.000 200.000 341.886 5.000 100.005 100.000 50.000
050 01 7.310 0.925 0.423 42.302 4993.1 0.000 200.000 342.302 5.000 100.005 100.000 50.000
050 01 7.315 0.930 0.427 42.718 4993.1 0.000 200.000 342.718 5.000 100.005 100.000 50.000
050 01 7.320 0.935 0.431 43.135 4993.1 0.000 200.000 343.135 5.000 100.005 100.000 50.000
050 01 7.325 0.940 0.436 43.551 4993.1 0.000 200.000 343.551 5.000 100.005 100.000 50.000
050 01 7.330 0.945 0.440 43.967 4993.1 0.000 200.000 343.967 5.000 100.005 100.000 50.000
050 01 7.335 0.950 0.444 44.383 4993.1 0.000 200.000 344.383 5.000 100.005 100.000 50.000
050 01 7.340 0.955 0.448 44.799 4993.1 0.000 200.000 344.799 5.000 100.005 100.000 50.000
050 01 7.345 0.960 0.452 45.215 4993.1 0.000 200.000 345.215 5.000 100.005 100.000 50.000
050 01 7.350 0.965 0.456 45.631 4993.1 0.000 200.000 345.631 5.000 100.005 100.000 50.000
050 01 7.355 0.970 0.460 46.047 4993.1 0.000 200.000 346.047 5.000 100.005 100.000 50.000
050 01 7.360 0.975 0.465 46.463 4993.1 0.000 200.000 346.463 5.000 100.005 100.000 50.000
050 01 7.365 0.980 0.469 46.879 4993.1 0.000 200.000 346.879 5.000 100.005 100.000 50.000
050 01 7.370 0.985 0.473 47.295 4993.1 0.000 200.000 347.295 5.000 100.005 100.000 50.000
050 01 7.375 0.990 0.477 47.712 4993.1 0.000 200.000 347.712 5.000 100.005 100.000 50.000
050 01 7.380 0.995 0.481 48.128 4993.1 0.000 200.000 348.128 5.000 100.005 100.000 50.000
050 01 7.385 1.000 0.485 48.544 4993.1 0.000 200.000 348.544 5.000 100.005 100.000 50.000
050 01 7.390 1.005 0.490 48.960 4993.1 0.000 200.000 348.960 5.000 100.005 100.000 50.000
050 01 7.395 1.010 0.494 49.376 4993.1 0.000 200.000 349.376 5.000 100.005 100.000 50.000
050 01 7.400 1.015 0.498 49.792 4993.1 0.000 200.000 349.792 5.000 100.005 100.000 50.000
050 01 7.405 1.020 0.502 50.208 4993.1 0.000 200.000 350.208 5.000 100.005 100.000 50.000
050 01 7.410 1.025 0.506 50.624 4993.1 0.000 200.000 350.624 5.000 100.005 100.000 50.000
050 01 7.415 1.030 0.510 51.040 4993.1 0.000 200.000 351.040 5.000 100.005 100.000 50.000
050 01 7.420 1.035 0.515 51.456 4993.1 0.000 200.000 351.456 5.000 100.005 100.000 50.000
050 01 7.425 1.040 0.519 51.872 4993.1 0.000 200.000 351.872 5.000 100.005 100.000 50.000
050 01 7.430 1.045 0.523 52.288 4993.1 0.000 200.000 352.288 5.000 100.005 100.000 50.000
050 01 7.435 1.050 0.527 52.705 4993.1 0.000 200.000 352.705 5.000 100.005 100.000 50.000
050 01 7.440 1.055 0.531 53.121 4993.1 0.000 200.000 353.121 5.000 100.005 100.000 50.000
050 01 7.445 1.060 0.535 53.537 4993.1 0.000 200.000 353.537 5.000 100.005 100.000 50.000
050 01 7.450 1.065 0.540 53.953 4993.1 0.000 200.000 353.953 5.000 100.005 100.000 50.000
050 01 7.455 1.070 0.544 54.369 4993.1 0.000 200.000 354.369 5.000 100.005 100.000 50.000
050 01 7.460 1.075 0.548 54.785 4993.1 0.000 200.000 354.785 5.000 100.005 100.000 50.000
050 01 7.465 1.080 0.552 55.201 4993.1 0.000 200.000 355.201 5.000 100.005 100.000 50.000
050 01 7.470 1.085 0.556 55.617 4993.1 0.000 200.000 355.617 5.000 100.005 100.000 50.000
050 01 7.475 1.090 0.560 56.033 4993.1 0.000 200.000 356.033 5.000 100.005 100.000 50.000
050 01 7.480 1.095 0.564 56.449 4993.1 0.000 200.000 356.449 5.000 100.005 100.000 50.000
050 01 7.485 1.100 0.569 56.865 4993.1 0.000 200.000 356.865 5.000 100.005 100.000 50.000
050 01 7.490 1.105 0.573 57.282 4993.1 0.000 200.000 357.282 5.000 100.005 100.000 50.000
050 01 7.495 1.110 0.577 57.698 4993.1 0.000 200.000 357.698 5.000 100.005 100.000 50.000
050 01 7.500 1.115 0.581 58.114 4993.1 0.000 200.000 358.114 5.000 100.005 100.000 50.000
050 01 7.505 1.120 0.585 58.530 4993.1 0.000 200.000 358.530 5.000 100.005 100.000 50.000
050 01 7.510 1.125 0.589 58.946 4993.1 0.000 200.000 358.946 5.000 100.005 100.000 50.000
050 01 7.515 1.130 0.594 59.362 4993.1 0.000 200.000 359.362 5.000 100.005 100.000 50.000
050 01 7.520 1.135 0.598 59.778 4993.1 0.000 200.000 359.778 5.000 100.005 100.000 50.000
050 01 7.525 1.140 0.602 60.194 4993.1 0.000 200.000 360.194 5.000 100.005 100.000 50.000
050 01 7.530 1.145 0.606 60.610 4993.1 0.000 200.000 360.610 5.000 100.005 100.000 50.000
050 01 7.535 1.150 0.610 61.026 4993.1 0.000 200.000 361.026 5.000 100.005 100.000 50.000
050 01 7.540 1.155 0.614 61.442 4993.1 0.000 200.000 361.442 5.000 100.005 100.000 50.000
050 01 7.545 1.160 0.619 61.859 4993.1 0.000 200.000 361.859 5.000 100.005 100.000 50.000
050 01 7.550 1.165 0.623 62.275 4993.1 0.000 200.000 362.275 5.000 100.005 100.000 50.000
050 01 7.555 1.170 0.627 62.691 4993.1 0.000 200.000 362.691 5.000 100.005 100.000 50.000
050 01 7.560 1.175 0.631 63.107 4993.1 0.000 200.000 363.107 5.000 100.005 100.000 50.000
050 01 7.565 1.180 0.635 63.523 4993.1 0.000 200.000 363.523 5.000 100.005 100.000 50.000
050 01 7.570 1.185 0.639 63.939 4993.1 0.000 200.000 363.939 5.000 100.005 100.000 50.000
050 01 7.575 1.190 0.644 64.355 4993.1 0.000 200.000 364.355 5.000 100.005 100.000 50.000
050 01 7.580 1.195 0.648 64.771 4993.1 0.000 200.000 364.771 5.000 100.005 100.000 50.000
050 01 7.585 1.200 0.652 65.187 4993.1 0.000 200.000 365.187 5.000 100.005 100.000 50.000
050 01 7.590 1.205 0.656 65.603 4973.1 -99.861 200.000 365.603 5.000 100.005 100.000 50.000
050 01 7.595 1.210 0.660 66.016 4943.1 -99.861 200.000 366.016 5.000 100.005 100.000 50.000
050 01 7.600 1.215 0.664 66.427 4913.2 -99.861 200.000 366.427 5.000 100.005 100.000 50.000
050 01 7.605 1.220 0.668 66.835 4883.2 -99.861 200.000 366.835 5.000 100.005 100.000 50.000
050 01 7.610 1.225 0.672 67.240 4853.3 -99.861 200.000 367.240 5.000 100.005 100.000 50.000
050 01 7.615 1.230 0.676 67.644 4823.3 -99.861 200.000 367.644 5.000 100.005 100.000 50.000
050 01 7.620 1.235 0.680 68.044 4793.3 -99.861 200.000 368.044 5.000 100.005 100.000 50.000
050 01 7.625 1.240 0.684 68.443 4763.4 -99.861 200.000 368.443 5.000 100.005 100.000 50.000
050 01 7.630 1.245 0.688 68.838 4733.4 -99.861 200.000 368.838 5.000 100.005 100.000 50.000
050 01 7.635 1.250 0.692 69.231 4703.5 -99.861 200.000 369.231 5.000 100.005 100.000 50.000
050 01 7.640 1.255 0.696 69.622 4673.5 -99.861 200.000 369.622 5.000 100.005 100.000 50.000
050 01 7.645 1.260 0.700 70.010 4643.6 -99.861 200.000 370.010 5.000 100.005 100.000 50.000
050 01 7.650 1.265 0.704 70.396 4613.6 -99.861 200.000 370.396 5.000 100.005 100.000 50.000
050 01 7.655 1.270 0.708 70.779 4583.6 -99.861 200.000 370.779 5.000 100.005 100.000 50.000
050 01 7.660 1.275 0.712 71.160 4553.7 -99.861 200.000 371.160 5.000 100.005 100.000 50.000
050 01 7.665 1.280 0.715 71.538 4523.7 -99.861 200.000 371.538 5.000 100.005 100.000 50.000
050 01 7.670 1.285 0.719 71.914 4493.8 -99.861 200.000 371.914 5.000 100.005 100.000 50.000
050 01 7.675 1.290 0.723 72.287 4463.8 -99.861 200.000 372.287 5.000 100.005 100.000 50.000
050 01 7.680 1.295 0.727 72.658 4433.8 -99.861 200.000 372.658 5.000 100.005 100.000 50.000
050 01 7.685 1.300 0.730 73.026 4403.9 -99.861 200.000 373.026 5.000 100.005 100.000 50.000
050 01 7.690 1.305 0.734 73.392 4373.9 -99.861 200.000 373.392 5.000 100.005 100.000 50.000
050 01 7.695 1.310 0.738 73.755 4344.0 -99.861 200.000 373.755 5.000 100.005 100.000 50.000
050 01 7.700 1.315 0.741 74.116 4314.0 -99.861 200.000 374.116 5.000 100.005 100.000 50.000
050 01 7.705 1.320 0.745 74.474 4284.0 -99.861 200.000 374.474 5.000 100.005 100.000 50.000
050 01 7.710 1.325 0.748 74.830 4254.1 -99.861 200.000 374.830 5.000 100.005 100.000 50.000
050 01 7.715 1.330 0.752 75.183 4224.1 -99.861 200.000 375.183 5.000 100.005 100.000 50.000
050 01 7.720 1.335 0.755 75.534 4194.2 -99.861 200.000 375.534 5.000 100.005 100.000 50.000
050 01 7.725 1.340 0.759 75.882 4164.2 -99.861 200.000 375.882 5.000 100.005 100.000 50.000
050 01 7.730 1.345 0.762 76.228 4134.3 -99.861 200.000 376.228 5.000 100.005 100.000 50.000
050 01 7.735 1.350 0.766 76.571 4104.3 -99.861 200.000 376.571 5.000 100.005 100.000 50.000
050 01 7.740 1.355 0.769 76.912 4074.3 -99.861 200.000 376.912 5.000 100.005 100.000 50.000
050 01 7.745 1.360 0.773 77.250 4044.4 -99.861 200.000 377.250 5.000 100.005 100.000 50.000
050 01 7.750 1.365 0.776 77.586 4014.4 -99.861 200.000 377.586 5.000 100.005 100.000 50.000
050 01 7.755 1.370 0.779 77.919 3984.5 -99.861 200.000 377.919 5.000 100.005 100.000 50.000
050 01 7.760 1.375 0.783 78.250 3954.5 -99.861 200.000 378.250 5.000 100.005 100.000 50.000
050 01 7.765 1.380 0.786 78.579 3924.5 -99.861 200.000 378.579 5.000 100.005 100.000 50.000
050 01 7.770 1.385 0.789 78.904 3894.6 -99.861 200.000 378.904 5.000 100.005 100.000 50.000
050 01 7.775 1.390 0.792 79.228 3864.6 -99.861 200.000 379.228 5.000 100.005 100.000 50.000
050 01 7.780 1.395 0.795 79.548 3834.7 -99.861 200.000 379.548 5.000 100.005 100.000 50.000
050 01 7.785 1.400 0.799 79.867 3804.7 -99.861 200.000 379.867 5.000 100.005 100.000 50.000
050 01 7.790 1.405 0.802 80.183 3774.8 -99.861 200.000 380.183 5.000 100.005 100.000 50.000
050 01 7.795 1.410 0.805 80.496 3744.8 -99.861 200.000 380.496 5.000 100.005 100.000 50.000
050 01 7.800 1.415 0.808 80.807 3714.8 -99.861 200.000 380.807 5.000 100.005 100.000 50.000
050 01 7.805 1.420 0.811 81.115 3684.9 -99.861 200.000 381.115 5.000 100.005 100.000 50.000
050 01 7.810 1.425 0.814 81.421 3654.9 -99.861 200.000 381.421 5.000 100.005 100.000 50.000
050 01 7.815 1.430 0.817 81.724 3625.0 -99.861 200.000 381.724 5.000 100.005 100.000 50.000
050 01 7.820 1.435 0.820 82.025 3595.0 -99.861 200.000 382.025 5.000 100.005 100.000 50.000
050 01 7.825 1.440 0.823 82.323 3565.0 -99.861 200.000 382.323 5.000 100.005 100.000 50.000
050 01 7.830 1.445 0.826 82.619 3535.1 -99.861 200.000 382.619 5.000 100.005 100.000 50.000
050 01 7.835 1.450 0.829 82.912 3505.1 -99.861 200.000 382.912 5.000 100.005 100.000 50.000
050 01 7.840 1.455 0.832 83.203 3475.2 -99.861 200.000 383.203 5.000 100.005 100.000 50.000
050 01 7.845 1.460 0.835 83.492 3445.2 -99.861 200.000 383.492 5.000 100.005 100.000 50.000
050 01 7.850 1.465 0.838 83.778 3415.3 -99.861 200.000 383.778 5.000 100.005 100.000 50.000
050 01 7.855 1.470 0.841 84.061 3385.3 -99.861 200.000 384.061 5.000 100.005 100.000 50.000
050 01 7.860 1.475 0.843 84.342 3355.3 -99.861 200.000 384.342 5.000 100.005 100.000 50.000
050 01 7.865 1.480 0.846 84.620 3325.4 -99.861 200.000 384.620 5.000 100.005 100.000 50.000
050 01 7.870 1.485 0.849 84.896 3295.4 -99.861 200.000 384.896 5.000 100.005 100.000 50.000
050 01 7.875 1.490 0.852 85.169 3265.5 -99.861 200.000 385.169 5.000 100.005 100.000 50.000
050 01 7.880 1.495 0.854 85.440 3235.5 -99.861 200.000 385.440 5.000 100.005 100.000 50.000
050 01 7.885 1.500 0.857 85.709 3205.5 -99.861 200.000 385.709 5.000 100.005 100.000 50.000
050 01 7.890 1.505 0.860 85.974 3175.6 -99.861 200.000 385.974 5.000 100.005 100.000 50.000
050 01 7.895 1.510 0.862 86.238 3145.6 -99.861 200.000 386.238 5.000 100.005 100.000 50.000
050 01 7.900 1.515 0.865 86.499 3115.7 -99.861 200.000 386.499 5.000 100.005 100.000 50.000
050 01 7.905 1.520 0.868 86.757 3085.7 -99.861 200.000 386.757 5.000 100.005 100.000 50.000
050 01 7.910 1.525 0.870 87.013 3055.8 -99.861 200.000 387.013 5.000 100.005 100.000 50.000
050 01 7.915 1.530 0.873 87.266 3025.8 -99.861 200.000 387.266 5.000 100.005 100.000 50.000
050 01 7.920 1.535 0.875 87.517 2995.8 -99.861 200.000 387.517 5.000 100.005 100.000 50.000
050 01 7.925 1.540 0.878 87.766 2965.9 -99.861 200.000 387.766 5.000 100.005 100.000 50.000
050 01 7.930 1.545 0.880 88.012 2935.9 -99.861 200.000 388.012 5.000 100.005 100.000 50.000
050 01 7.935 1.550 0.883 88.255 2906.0 -99.861 200.000 388.255 5.000 100.005 100.000 50.000
050 01 7.940 1.555 0.885 88.496 2876.0 -99.861 200.000 388.496 5.000 100.005 100.000 50.000
050 01 7.945 1.560 0.887 88.734 2846.0 -99.861 200.000 388.734 5.000 100.005 100.000 50.000
050 01 7.950 1.565 0.890 88.970 2816.1 -99.861 200.000 388.970 5.000 100.005 100.000 50.000
050 01 7.955 1.570 0.892 89.204 2786.1 -99.861 200.000 389.204 5.000 100.005 100.000 50.000
050 01 7.960 1.575 0.894 89.435 2756.2 -99.861 200.000 389.435 5.000 100.005 100.000 50.000
050 01 7.965 1.580 0.897 89.663 2726.2 -99.861 200.000 389.663 5.000 100.005 100.000 50.000
050 01 7.970 1.585 0.899 89.889 2696.3 -99.861 200.000 389.889 5.000 100.005 100.000 50.000
050 01 7.975 1.590 0.901 90.112 2666.3 -99.861 200.000 390.112 5.000 100.005 100.000 50.000
050 01 7.980 1.595 0.903 90.333 2636.3 -99.861 200.000 390.333 5.000 100.005 100.000 50.000
050 01 7.985 1.600 0.906 90.552 2606.4 -99.861 200.000 390.552 5.000 100.005 100.000 50.000
050 01 7.990 1.605 0.908 90.768 2576.4 -99.861 200.000 390.768 5.000 100.005 100.000 50.000
050 01 7.995 1.610 0.910 90.981 2546.5 -99.861 200.000 390.981 5.000 100.005 100.000 50.000
050 01 8.000 1.615 0.912 91.192 2516.5 -99.861 200.000 391.192 5.000 100.005 100.000 50.000
050 01 8.005 1.620 0.914 91.401 2486.5 -99.861 200.000 391.401 5.000 100.005 100.000 50.000
050 01 8.010 1.625 0.916 91.607 2456.6 -99.861 200.000 391.607 5.000 100.005 100.000 50.000
050 01 8.015 1.630 0.918 91.810 2426.6 -99.861 200.000 391.810 5.000 100.005 100.000 50.000
050 01 8.020 1.635 0.920 92.011 2396.7 -99.861 200.000 392.011 5.000 100.005 100.000 50.000
050 01 8.025 1.640 0.922 92.210 2366.7 -99.861 200.000 392.210 5.000 100.005 100.000 50.000
050 01 8.030 1.645 0.924 92.406 2336.8 -99.861 200.000 392.406 5.000 100.005 100.000 50.000
050 01 8.035 1.650 0.926 92.599 2306.8 -99.861 200.000 392.599 5.000 100.005 100.000 50.000
050 01 8.040 1.655 0.928 92.790 2276.8 -99.861 200.000 392.790 5.000 100.005 100.000 50.000
050 01 8.045 1.660 0.930 92.979 2246.9 -99.861 200.000 392.979 5.000 100.005 100.000 50.000
050 01 8.050 1.665 0.932 93.164 2216.9 -99.861 200.000 393.164 5.000 100.005 100.000 50.000
050 01 8.055 1.670 0.933 93.348 2187.0 -99.861 200.000 393.348 5.000 100.005 100.000 50.000
050 01 8.060 1.675 0.935 93.529 2157.0 -99.861 200.000 393.529 5.000 100.005 100.000 50.000
050 01 8.065 1.680 0.937 93.707 2127.0 -99.861 200.000 393.707 5.000 100.005 100.000 50.000
050 01 8.070 1.685 0.939 93.883 2097.1 -99.861 200.000 393.883 5.000 100.005 100.000 50.000
050 01 8.075 1.690 0.941 94.057 2067.1 -99.861 200.000 394.057 5.000 100.005 100.000 50.000
050 01 8.080 1.695 0.942 94.228 2037.2 -99.861 200.000 394.228 5.000 100.005 100.000 50.000
050 01 8.085 1.700 0.944 94.397 2007.2 -99.861 200.000 394.397 5.000 100.005 100.000 50.000
050 01 8.090 1.705 0.946 94.563 1977.3 -99.861 200.000 394.563 5.000 100.005 100.000 50.000
050 01 8.095 1.710 0.947 94.726 1947.3 -99.861 200.000 394.726 5.000 100.005 100.000 50.000
050 01 8.100 1.715 0.949 94.887 1917.3 -99.861 200.000 394.887 5.000 100.005 100.000 50.000
050 01 8.105 1.720 0.950 95.046 1887.4 -99.861 200.000 395.046 5.000 100.005 100.000 50.000
050 01 8.110 1.725 0.952 95.202 1857.4 -99.861 200.000 395.202 5.000 100.005 100.000 50.000
050 01 8.115 1.730 0.954 95.355 1827.5 -99.861 200.000 395.355 5.000 100.005 100.000 50.000
050 01 8.120 1.735 0.955 95.506 1797.5 -99.861 200.000 395.506 5.000 100.005 100.000 50.000
050 01 8.125 1.740 0.957 95.655 1767.5 -99.861 200.000 395.655 5.000 100.005 100.000 50.000
050 01 8.130 1.745 0.958 95.801 1737.6 -99.861 200.000 395.801 5.000 100.005 100.000 50.000
050 01 8.135 1.750 0.959 95.944 1707.6 -99.861 200.000 395.944 5.000 100.005 100.000 50.000
050 01 8.140 1.755 0.961 96.085 1677.7 -99.861 200.000 396.085 5.000 100.005 100.000 50.000
050 01 8.145 1.760 0.962 96.224 1647.7 -99.861 200.000 396.224 5.000 100.005 100.000 50.000
050 01 8.150 1.765 0.964 96.360 1617.8 -99.861 200.000 396.360 5.000 100.005 100.000 50.000
050 01 8.155 1.770 0.965 96.494 1587.8 -99.861 200.000 396.494 5.000 100.005 100.000 50.000
050 01 8.160 1.775 0.966 96.625 1557.8 -99.861 200.000 396.625 5.000 100.005 100.000 50.000
050 01 8.165 1.780 0.968 96.753 1527.9 -99.861 200.000 396.753 5.000 100.005 100.000 50.000
050 01 8.170 1.785 0.969 96.879 1497.9 -99.861 200.000 396.879 5.000 100.005 100.000 50.000
050 01 8.175 1.790 0.970 97.003 1468.0 -99.861 200.000 397.003 5.000 100.005 100.000 50.000
050 01 8.180 1.795 0.971 97.124 1438.0 -99.861 200.000 397.124 5.000 100.005 100.000 50.000
050 01 8.185 1.800 0.972 97.243 1408.0 -99.861 200.000 397.243 5.000 100.005 100.000 50.000
050 01 8.190 1.805 0.974 97.359 1378.1 -99.861 200.000 397.359 5.000 100.005 100.000 50.000
050 01 8.195 1.810 0.975 97.472 1348.1 -99.861 200.000 397.472 5.000 100.005 100.000 50.000
050 01 8.200 1.815 0.976 97.583 1318.2 -99.861 200.000 397.583 5.000 100.005 100.000 50.000
050 01 8.205 1.820 0.977 97.692 1288.2 -99.861 200.000 397.692 5.000 100.005 100.000 50.000
050 01 8.210 1.825 0.978 97.798 1258.3 -99.861 200.000 397.798 5.000 100.005 100.000 50.000
050 01 8.215 1.830 0.979 97.902 1228.3 -99.861 200.000 397.902 5.000 100.005 100.000 50.000
050 01 8.220 1.835 0.980 98.003 1198.3 -99.861 200.000 398.003 5.000 100.005 100.000 50.000
050 01 8.225 1.840 0.981 98.101 1168.4 -99.861 200.000 398.101 5.000 100.005 100.000 50.000
050 01 8.230 1.845 0.982 98.198 1138.4 -99.861 200.000 398.198 5.000 100.005 100.000 50.000
050 01 8.235 1.850 0.983 98.291 1108.5 -99.861 200.000 398.291 5.000 100.005 100.000 50.000
050 01 8.240 1.855 0.984 98.382 1078.5 -99.861 200.000 398.382 5.000 100.005 100.000 50.000
050 01 8.245 1.860 0.985 98.471 1048.5 -99.861 200.000 398.471 5.000 100.005 100.000 50.000
050 01 8.250 1.865 0.986 98.557 1018.6 -99.861 200.000 398.557 5.000 100.005 100.000 50.000
050 01 8.255 1.870 0.986 98.641 988.6 -99.861 200.000 398.641 5.000 100.005 100.000 50.000
050 01 8.260 1.875 0.987 98.722 958.7 -99.861 200.000 398.722 5.000 100.005 100.000 50.000
050 01 8.265 1.880 0.988 98.800 928.7 -99.861 200.000 398.800 5.000 100.005 100.000 50.000
050 01 8.270 1.885 0.989 98.877 898.8 -99.861 200.000 398.877 5.000 100.005 100.000 50.000
050 01 8.275 1.890 0.990 98.950 868.8 -99.861 200.000 398.950 5.000 100.005 100.000 50.000
050 01 8.280 1.895 0.990 99.021 838.8 -99.861 200.000 399.021 5.000 100.005 100.000 50.000
050 01 8.285 1.900 0.991 99.090 808.9 -99.861 200.000 399.090 5.000 100.005 100.000 50.000
050 01 8.290 1.905 0.992 99.156 778.9 -99.861 200.000 399.156 5.000 100.005 100.000 50.000
050 01 8.295 1.910 0.992 99.220 749.0 -99.861 200.000 399.220 5.000 100.005 100.000 50.000
050 01 8.300 1.915 0.993 99.281 719.0 -99.861 200.000 399.281 5.000 100.005 100.000 50.000
050 01 8.305 1.920 0.993 99.340 689.0 -99.861 200.000 399.340 5.000 100.005 100.000 50.000
050 01 8.310 1.925 0.994 99.396 659.1 -99.861 200.000 399.396 5.000 100.005 100.000 50.000
050 01 8.315 1.930 0.994 99.450 629.1 -99.861 200.000 399.450 5.000 100.005 100.000 50.000
050 01 8.320 1.935 0.995 99.501 599.2 -99.861 200.000 399.501 5.000 100.005 100.000 50.000
050 01 8.325 1.940 0.995 99.549 569.2 -99.861 200.000 399.549 5.000 100.005 100.000 50.000
050 01 8.330 1.945 0.996 99.596 539.3 -99.861 200.000 399.596 5.000 100.005 100.000 50.000
050 01 8.335 1.950 0.996 99.639 509.3 -99.861 200.000 399.639 5.000 100.005 100.000 50.000
050 01 8.340 1.955 0.997 99.680 479.3 -99.861 200.000 399.680 5.000 100.005 100.000 50.000
050 01 8.345 1.960 0.997 99.719 449.4 -99.861 200.000 399.719 5.000 100.005 100.000 50.000
050 01 8.350 1.965 0.998 99.755 419.4 -99.861 200.000 399.755 5.000 100.005 100.000 50.000
050 01 8.355 1.970 0.998 99.789 389.5 -99.861 200.000 399.789 5.000 100.005 100.000 50.000
050 01 8.360 1.975 0.998 99.820 359.5 -99.861 200.000 399.820 5.000 100.005 100.000 50.000
050 01 8.365 1.980 0.998 99.849 329.5 -99.861 200.000 399.849 5.000 100.005 100.000 50.000
050 01 8.370 1.985 0.999 99.875 299.6 -99.861 200.000 399.875 5.000 100.005 100.000 50.000
050 01 8.375 1.990 0.999 99.899 269.6 -99.861 200.000 399.899 5.000 100.005 100.000 50.000
050 01 8.380 1.995 0.999 99.920 239.7 -99.861 200.000 399.920 5.000 100.005 100.000 50.000
050 01 8.385 2.000 0.999 99.939 209.7 -99.861 200.000 399.939 5.000 100.005 100.000 50.000
050 01 8.390 2.005 1.000 99.955 179.8 -99.861 200.000 399.955 5.000 100.005 100.000 50.000
050 01 8.395 2.010 1.000 99.969 149.8 -99.861 200.000 399.969 5.000 100.005 100.000 50.000
050 01 8.400 2.015 1.000 99.980 119.8 -99.861 200.000 399.980 5.000 100.005 100.000 50.000
050 01 8.405 2.020 1.000 99.989 89.9 -99.861 200.000 399.989 5.000 100.005 100.000 50.000
050 01 8.410 2.025 1.000 99.995 59.9 -99.861 200.000 399.995 5.000 100.005 100.000 50.000
050 01 8.415 2.030 1.000 99.999 30.0 -99.861 200.000 399.999 5.000 100.005 100.000 50.000
050 01 8.420 2.035 1.000 100.000 0.0 -99.861 200.000 400.000 5.000 100.005 100.000 50.000
050 01 8.425 2.040 0.010 1.000 0.0 0.000 200.000 301.000 5.000 100.005 100.000 50.000
060 03 8.435 0.000 0.000 0.000 0.0 99.715 200.000 400.000 5.000 100.005 100.000 50.000
060 03 8.440 0.005 0.000 0.001 29.9 99.715 200.000 400.001 5.000 100.005 100.000 50.000
060 03 8.445 0.010 0.000 0.005 59.8 99.715 200.000 400.005 5.000 100.005 100.000 50.000
060 03 8.450 0.015 0.000 0.011 89.7 99.715 200.000 400.011 5.000 100.005 100.000 50.000
060 03 8.455 0.020 0.000 0.020 119.7 99.715 200.000 400.020 5.000 100.005 100.000 50.000
060 03 8.460 0.025 0.000 0.031 149.6 99.715 200.000 400.031 5.000 100.005 100.000 50.000
060 03 8.465 0.030 0.001 0.045 179.5 99.715 200.000 400.045 5.000 100.005 100.000 50.000
060 03 8.470 0.035 0.001 0.061 209.4 99.715 200.000 400.061 5.000 100.005 100.000 50.000
060 03 8.475 0.040 0.001 0.080 239.3 99.715 200.000 400.080 5.000 100.005 100.000 50.000
060 03 8.480 0.045 0.001 0.101 269.2 99.715 200.000 400.101 5.000 100.005 100.000 50.000
060 03 8.485 0.050 0.002 0.125 299.1 99.715 200.000 400.125 5.000 100.005 100.000 50.000
060 03 8.490 0.055 0.002 0.151 329.1 99.715 200.000 400.151 5.000 100.005 100.000 50.000
060 03 8.495 0.060 0.002 0.179 359.0 99.715 200.000 400.179 5.000 100.005 100.000 50.000
060 03 8.500 0.065 0.003 0.211 388.9 99.715 200.000 400.211 5.000 100.005 100.000 50.000
060 03 8.505 0.070 0.003 0.244 418.8 99.715 199.999 400.244 5.000 100.005 100.000 50.000
060 03 8.510 0.075 0.004 0.280 448.7 99.715 199.999 400.280 5.000 100.005 100.000 50.000
060 03 8.515 0.080 0.004 0.319 478.6 99.715 199.999 400.319 5.000 100.005 100.000 50.000
060 03 8.520 0.085 0.005 0.360 508.5 99.715 199.999 400.360 5.000 100.005 100.000 50.000
060 03 8.525 0.090 0.005 0.404 538.5 99.715 199.998 400.404 5.000 100.005 100.000 50.000
060 03 8.530 0.095 0.006 0.450 568.4 99.715 199.998 400.450 5.000 100.005 100.000 50.000
060 03 8.535 0.100 0.006 0.499 598.3 99.715 199.998 400.499 5.000 100.005 100.000 50.000
060 03 8.540 0.105 0.007 0.550 628.2 99.715 199.997 400.550 5.000 100.005 100.000 50.000
060 03 8.545 0.110 0.008 0.603 658.1 99.715 199.996 400.603 5.000 100.005 100.000 50.000
060 03 8.550 0.115 0.008 0.659 688.0 99.715 199.996 400.659 5.000 100.005 100.000 50.000
060 03 8.555 0.120 0.009 0.718 717.9 99.715 199.995 400.718 5.000 100.005 100.000 50.000
060 03 8.560 0.125 0.010 0.779 747.9 99.715 199.994 400.779 5.000 100.005 100.000 50.000
060 03 8.565 0.130 0.011 0.843 777.8 99.715 199.993 400.843 5.000 100.005 100.000 50.000
060 03 8.570 0.135 0.012 0.909 807.7 99.715 199.992 400.909 5.000 100.005 100.000 50.000
060 03 8.575 0.140 0.012 0.977 837.6 99.715 199.990 400.977 5.000 100.005 100.000 50.000
060 03 8.580 0.145 0.013 1.048 867.5 99.715 199.989 401.048 5.000 100.005 100.000 50.000
060 03 8.585 0.150 0.014 1.122 897.4 99.715 199.987 401.122 5.000 100.005 100.000 50.000
060 03 8.590 0.155 0.015 1.198 927.3 99.715 199.986 401.198 5.000 100.005 100.000 50.000
060 03 8.595 0.160 0.016 1.276 957.3 99.715 199.984 401.276 5.000 100.005 100.000 50.000
060 03 8.600 0.165 0.017 1.357 987.2 99.715 199.982 401.357 5.000 100.005 100.000 50.000
060 03 8.605 0.170 0.018 1.441 1017.1 99.715 199.979 401.441 5.000 100.005 100.000 50.000
060 03 8.610 0.175 0.019 1.527 1047.0 99.715 199.977 401.527 5.000 100.005 100.000 50.000
060 03 8.615 0.180 0.021 1.615 1076.9 99.715 199.974 401.615 5.000 100.005 100.000 50.000
060 03 8.620 0.185 0.022 1.706 1106.8 99.715 199.971 401.706 5.000 100.005 100.000 50.000
060 03 8.625 0.190 0.023 1.800 1136.7 99.715 199.968 401.799 5.000 100.005 100.000 50.000
060 03 8.630 0.195 0.024 1.896 1166.7 99.715 199.964 401.895 5.000 100.005 100.000 50.000
060 03 8.635 0.200 0.025 1.994 1196.6 99.715 199.960 401.994 5.000 100.005 100.000 50.000
060 03 8.640 0.205 0.027 2.095 1226.5 99.715 199.956 402.095 5.000 100.005 100.000 50.000
060 03 8.645 0.210 0.028 2.199 1256.4 99.715 199.952 402.198 5.000 100.005 100.000 50.000
060 03 8.650 0.215 0.029 2.305 1286.3 99.715 199.947 402.304 5.000 100.005 100.000 50.000
060 03 8.655 0.220 0.031 2.413 1316.2 99.715 199.942 402.412 5.000 100.005 100.000 50.000
060 03 8.660 0.225 0.032 2.524 1346.1 99.715 199.936 402.523 5.000 100.005 100.000 50.000
060 03 8.665 0.230 0.034 2.637 1376.1 99.715 199.930 402.636 5.000 100.005 100.000 50.000
060 03 8.670 0.235 0.035 2.753 1406.0 99.715 199.924 402.752 5.000 100.005 100.000 50.000
060 03 8.675 0.240 0.037 2.872 1435.9 99.715 199.918 402.870 5.000 100.005 100.000 50.000
060 03 8.680 0.245 0.038 2.993 1465.8 99.715 199.910 402.991 5.000 100.005 100.000 50.000
060 03 8.685 0.250 0.040 3.116 1495.7 99.715 199.903 403.114 5.000 100.005 100.000 50.000
060 03 8.690 0.255 0.041 3.242 1525.6 99.715 199.895 403.240 5.000 100.005 100.000 50.000
060 03 8.695 0.260 0.043 3.370 1555.5 99.715 199.886 403.368 5.000 100.005 100.000 50.000
060 03 8.700 0.265 0.045 3.501 1585.5 99.715 199.877 403.498 5.000 100.005 100.000 50.000
060 03 8.705 0.270 0.046 3.635 1615.4 99.715 199.868 403.631 5.000 100.005 100.000 50.000
060 03 8.710 0.275 0.048 3.770 1645.3 99.715 199.858 403.767 5.000 100.005 100.000 50.000
060 03 8.715 0.280 0.050 3.909 1675.2 99.715 199.847 403.905 5.000 100.005 100.000 50.000
060 03 8.720 0.285 0.052 4.050 1705.1 99.715 199.836 404.045 5.000 100.005 100.000 50.000
060 03 8.725 0.290 0.053 4.193 1735.0 99.715 199.824 404.188 5.000 100.005 100.000 50.000
060 03 8.730 0.295 0.055 4.339 1764.9 99.715 199.812 404.333 5.000 100.005 100.000 50.000
060 03 8.735 0.300 0.057 4.487 1794.9 99.715 199.799 404.481 5.000 100.005 100.000 50.000
060 03 8.740 0.305 0.059 4.638 1824.8 99.715 199.785 404.631 5.000 100.005 100.000 50.000
060 03 8.745 0.310 0.061 4.791 1854.7 99.715 199.771 404.784 5.000 100.005 100.000 50.000
060 03 8.750 0.315 0.063 4.947 1884.6 99.715 199.755 404.939 5.000 100.005 100.000 50.000
060 03 8.755 0.320 0.065 5.105 1914.5 99.715 199.740 405.097 5.000 100.005 100.000 50.000
060 03 8.760 0.325 0.067 5.266 1944.4 99.715 199.723 405.256 5.000 100.005 100.000 50.000
060 03 8.765 0.330 0.069 5.429 1974.3 99.715 199.705 405.419 5.000 100.005 100.000 50.000
060 03 8.770 0.335 0.071 5.595 2004.3 99.715 199.687 405.584 5.000 100.005 100.000 50.000
060 03 8.775 0.340 0.073 5.764 2034.2 99.715 199.668 405.751 5.000 100.005 100.000 50.000
060 03 8.780 0.345 0.076 5.934 2064.1 99.715 199.648 405.920 5.000 100.005 100.000 50.000
060 03 8.785 0.350 0.078 6.108 2094.0 99.715 199.627 406.092 5.000 100.005 100.000 50.000
060 03 8.790 0.355 0.080 6.283 2123.9 99.715 199.606 406.267 5.000 100.005 100.000 50.000
060 03 8.795 0.360 0.082 6.462 2153.8 99.715 199.583 406.444 5.000 100.005 100.000 50.000
060 03 8.800 0.365 0.085 6.642 2183.8 99.715 199.559 406.623 5.000 100.005 100.000 50.000
060 03 8.805 0.370 0.087 6.825 2213.7 99.715 199.535 406.804 5.000 100.005 100.000 50.000
060 03 8.810 0.375 0.089 7.011 2243.6 99.715 199.509 406.988 5.000 100.005 100.000 50.000
060 03 8.815 0.380 0.092 7.199 2273.5 99.715 199.483 407.175 5.000 100.005 100.000 50.000
060 03 8.820 0.385 0.094 7.390 2303.4 99.715 199.455 407.363 5.000 100.005 100.000 50.000
060 03 8.825 0.390 0.097 7.583 2333.3 99.715 199.426 407.554 5.000 100.005 100.000 50.000
060 03 8.830 0.395 0.099 7.779 2363.2 99.715 199.396 407.748 5.000 100.005 100.000 50.000
060 03 8.835 0.400 0.102 7.977 2393.2 99.715 199.365 407.943 5.000 100.005 100.000 50.000
060 03 8.840 0.405 0.104 8.178 2423.1 99.715 199.333 408.141 5.000 100.005 100.000 50.000
060 03 8.845 0.410 0.107 8.381 2453.0 99.715 199.299 408.342 5.000 100.005 100.000 50.000
060 03 8.850 0.415 0.109 8.587 2482.9 99.715 199.265 408.545 5.000 100.005 100.000 50.000
060 03 8.855 0.420 0.112 8.795 2512.8 99.715 199.229 408.750 5.000 100.005 100.000 50.000
060 03 8.860 0.425 0.115 9.005 2542.7 99.715 199.191 408.957 5.000 100.005 100.000 50.000
060 03 8.865 0.430 0.117 9.219 2572.6 99.715 199.153 409.166 5.000 100.005 100.000 50.000
060 03 8.870 0.435 0.120 9.434 2602.6 99.715 199.113 409.378 5.000 100.005 100.000 50.000
060 03 8.875 0.440 0.123 9.652 2632.5 99.715 199.071 409.593 5.000 100.005 100.000 50.000
060 03 8.880 0.445 0.126 9.873 2662.4 99.715 199.028 409.809 5.000 100.005 100.000 50.000
060 03 8.885 0.450 0.129 10.096 2692.3 99.715 198.984 410.028 5.000 100.005 100.000 50.000
060 03 8.890 0.455 0.131 10.322 2722.2 99.715 198.938 410.249 5.000 100.005 100.000 50.000
060 03 8.895 0.460 0.134 10.550 2752.1 99.715 198.891 410.472 5.000 100.005 100.000 50.000
060 03 8.900 0.465 0.137 10.780 2782.0 99.715 198.842 410.697 5.000 100.005 100.000 50.000
060 03 8.905 0.470 0.140 11.013 2812.0 99.715 198.792 410.925 5.000 100.005 100.000 50.000
060 03 8.910 0.475 0.143 11.249 2841.9 99.715 198.740 411.154 5.000 100.005 100.000 50.000
060 03 8.915 0.480 0.146 11.487 2871.8 99.715 198.686 411.386 5.000 100.005 100.000 50.000
060 03 8.920 0.485 0.149 11.728 2901.7 99.715 198.631 411.620 5.000 100.005 100.000 50.000
060 03 8.925 0.490 0.152 11.971 2931.6 99.715 198.574 411.857 5.000 100.005 100.000 50.000
060 03 8.930 0.495 0.156 12.216 2961.5 99.715 198.515 412.095 5.000 100.005 100.000 50.000
060 03 8.935 0.500 0.159 12.464 2991.4 99.715 198.454 412.336 5.000 100.005 100.000 50.000
060 03 8.940 0.505 0.162 12.715 3021.4 99.715 198.392 412.578 5.000 100.005 100.000 50.000
060 03 8.945 0.510 0.165 12.968 3051.3 99.715 198.328 412.823 5.000 100.005 100.000 50.000
060 03 8.950 0.515 0.168 13.223 3081.2 99.715 198.262 413.070 5.000 100.005 100.000 50.000
060 03 8.955 0.520 0.172 13.481 3111.1 99.715 198.193 413.319 5.000 100.005 100.000 50.000
060 03 8.960 0.525 0.175 13.742 3141.0 99.715 198.123 413.570 5.000 100.005 100.000 50.000
060 03 8.965 0.530 0.178 14.005 3170.9 99.715 198.051 413.823 5.000 100.005 100.000 50.000
060 03 8.970 0.535 0.182 14.270 3200.8 99.715 197.977 414.077 5.000 100.005 100.000 50.000
060 03 8.975 0.540 0.185 14.538 3230.8 99.715 197.901 414.334 5.000 100.005 100.000 50.000
060 03 8.980 0.545 0.189 14.809 3260.7 99.715 197.823 414.593 5.000 100.005 100.000 50.000
060 03 8.985 0.550 0.192 15.082 3290.6 99.715 197.743 414.854 5.000 100.005 100.000 50.000
060 03 8.990 0.555 0.196 15.357 3320.5 99.715 197.660 415.117 5.000 100.005 100.000 50.000
060 03 8.995 0.560 0.199 15.635 3350.4 99.715 197.575 415.382 5.000 100.005 100.000 50.000
060 03 9.000 0.565 0.203 15.916 3380.3 99.715 197.488 415.648 5.000 100.005 100.000 50.000
060 03 9.005 0.570 0.206 16.199 3410.2 99.715 197.399 415.917 5.000 100.005 100.000 50.000
060 03 9.010 0.575 0.210 16.484 3440.2 99.715 197.307 416.187 5.000 100.005 100.000 50.000
060 03 9.015 0.580 0.214 16.772 3470.1 99.715 197.213 416.459 5.000 100.005 100.000 50.000
060 03 9.020 0.585 0.217 17.062 3500.0 99.715 197.117 416.733 5.000 100.005 100.000 50.000
060 03 9.025 0.590 0.221 17.355 3529.9 99.715 197.018 417.009 5.000 100.005 100.000 50.000
060 03 9.030 0.595 0.225 17.651 3559.8 99.715 196.917 417.286 5.000 100.005 100.000 50.000
060 03 9.035 0.600 0.229 17.949 3589.7 99.715 196.813 417.566 5.000 100.005 100.000 50.000
060 03 9.040 0.605 0.232 18.249 3619.6 99.715 196.707 417.847 5.000 100.005 100.000 50.000
060 03 9.045 0.610 0.236 18.552 3649.6 99.715 196.598 418.129 5.000 100.005 100.000 50.000
060 03 9.050 0.615 0.240 18.857 3679.5 99.715 196.486 418.413 5.000 100.005 100.000 50.000
060 03 9.055 0.620 0.244 19.165 3709.4 99.715 196.372 418.699 5.000 100.005 100.000 50.000
060 03 9.060 0.625 0.248 19.476 3739.3 99.715 196.255 418.987 5.000 100.005 100.000 50.000
060 03 9.065 0.630 0.252 19.788 3769.2 99.715 196.135 419.276 5.000 100.005 100.000 50.000
060 03 9.070 0.635 0.256 20.104 3799.1 99.715 196.013 419.566 5.000 100.005 100.000 50.000
060 03 9.075 0.640 0.260 20.422 3829.0 99.715 195.887 419.858 5.000 100.005 100.000 50.000
060 03 9.080 0.645 0.264 20.742 3859.0 99.715 195.759 420.152 5.000 100.005 100.000 50.000
060 03 9.085 0.650 0.268 21.065 3888.9 99.715 195.628 420.447 5.000 100.005 100.000 50.000
060 03 9.090 0.655 0.272 21.390 3918.8 99.715 195.494 420.744 5.000 100.005 100.000 50.000
060 03 9.095 0.660 0.277 21.718 3937.0 0.000 195.357 421.041 5.000 100.005 100.000 50.000
060 03 9.100 0.665 0.281 22.046 3937.0 0.000 195.218 421.338 5.000 100.005 100.000 50.000
060 03 9.105 0.670 0.285 22.374 3937.0 0.000 195.077 421.635 5.000 100.005 100.000 50.000
060 03 9.110 0.675 0.289 22.702 3937.0 0.000 194.934 421.930 5.000 100.005 100.000 50.000
060 03 9.115 0.680 0.293 23.030 3937.0 0.000 194.789 422.224 5.000 100.005 100.000 50.000
060 03 9.120 0.685 0.297 23.358 3937.0 0.000 194.643 422.518 5.000 100.005 100.000 50.000
060 03 9.125 0.690 0.302 23.686 3937.0 0.000 194.494 422.810 5.000 100.005 100.000 50.000
060 03 9.130 0.695 0.306 24.014 3937.0 0.000 194.343 423.102 5.000 100.005 100.000 50.000
060 03 9.135 0.700 0.310 24.342 3937.0 0.000 194.191 423.392 5.000 100.005 100.000 50.000
060 03 9.140 0.705 0.314 24.670 3937.0 0.000 194.036 423.681 5.000 100.005 100.000 50.000
060 03 9.145 0.710 0.318 24.998 3937.0 0.000 193.880 423.970 5.000 100.005 100.000 50.000
060 03 9.150 0.715 0.322 25.327 3937.0 0.000 193.722 424.257 5.000 100.005 100.000 50.000
060 03 9.155 0.720 0.327 25.655 3937.0 0.000 193.562 424.544 5.000 100.005 100.000 50.000
060 03 9.160 0.725 0.331 25.983 3937.0 0.000 193.400 424.829 5.000 100.005 100.000 50.000
060 03 9.165 0.730 0.335 26.311 3937.0 0.000 193.236 425.113 5.000 100.005 100.000 50.000
060 03 9.170 0.735 0.339 26.639 3937.0 0.000 193.070 425.396 5.000 100.005 100.000 50.000
060 03 9.175 0.740 0.343 26.967 3937.0 0.000 192.902 425.678 5.000 100.005 100.000 50.000
060 03 9.180 0.745 0.348 27.295 3937.0 0.000 192.733 425.959 5.000 100.005 100.000 50.000
060 03 9.185 0.750 0.352 27.623 3937.0 0.000 192.562 426.239 5.000 100.005 100.000 50.000
060 03 9.190 0.755 0.356 27.951 3937.0 0.000 192.389 426.518 5.000 100.005 100.000 50.000
060 03 9.195 0.760 0.360 28.279 3937.0 0.000 192.214 426.795 5.000 100.005 100.000 50.000
060 03 9.200 0.765 0.364 28.607 3937.0 0.000 192.037 427.072 5.000 100.005 100.000 50.000
060 03 9.205 0.770 0.368 28.935 3937.0 0.000 191.858 427.347 5.000 100.005 100.000 50.000
060 03 9.210 0.775 0.373 29.263 3937.0 0.000 191.678 427.621 5.000 100.005 100.000 50.000
060 03 9.215 0.780 0.377 29.592 3937.0 0.000 191.496 427.894 5.000 100.005 100.000 50.000
060 03 9.220 0.785 0.381 29.920 3937.0 0.000 191.312 428.166 5.000 100.005 100.000 50.000
060 03 9.225 0.790 0.385 30.248 3937.0 0.000 191.126 428.436 5.000 100.005 100.000 50.000
060 03 9.230 0.795 0.389 30.576 3937.0 0.000 190.939 428.705 5.000 100.005 100.000 50.000
060 03 9.235 0.800 0.393 30.904 3937.0 0.000 190.750 428.973 5.000 100.005 100.000 50.000
060 03 9.240 0.805 0.398 31.232 3937.0 0.000 190.559 429.240 5.000 100.005 100.000 50.000
060 03 9.245 0.810 0.402 31.560 3937.0 0.000 190.366 429.506 5.000 100.005 100.000 50.000
060 03 9.250 0.815 0.406 31.888 3937.0 0.000 190.172 429.770 5.000 100.005 100.000 50.000
060 03 9.255 0.820 0.410 32.216 3937.0 0.000 189.975 430.033 5.000 100.005 100.000 50.000
060 03 9.260 0.825 0.414 32.544 3937.0 0.000 189.777 430.295 5.000 100.005 100.000 50.000
060 03 9.265 0.830 0.419 32.872 3937.0 0.000 189.578 430.555 5.000 100.005 100.000 50.000
060 03 9.270 0.835 0.423 33.200 3937.0 0.000 189.376 430.814 5.000 100.005 100.000 50.000
060 03 9.275 0.840 0.427 33.529 3937.0 0.000 189.173 431.072 5.000 100.005 100.000 50.000
060 03 9.280 0.845 0.431 33.857 3937.0 0.000 188.969 431.328 5.000 100.005 100.000 50.000
060 03 9.285 0.850 0.435 34.185 3937.0 0.000 188.762 431.583 5.000 100.005 100.000 50.000
060 03 9.290 0.855 0.439 34.513 3937.0 0.000 188.554 431.837 5.000 100.005 100.000 50.000
060 03 9.295 0.860 0.444 34.841 3937.0 0.000 188.344 432.089 5.000 100.005 100.000 50.000
060 03 9.300 0.865 0.448 35.169 3937.0 0.000 188.133 432.340 5.000 100.005 100.000 50.000
060 03 9.305 0.870 0.452 35.497 3937.0 0.000 187.920 432.589 5.000 100.005 100.000 50.000
060 03 9.310 0.875 0.456 35.825 3937.0 0.000 187.705 432.838 5.000 100.005 100.000 50.000
060 03 9.315 0.880 0.460 36.153 3937.0 0.000 187.489 433.084 5.000 100.005 100.000 50.000
060 03 9.320 0.885 0.464 36.481 3937.0 0.000 187.271 433.329 5.000 100.005 100.000 50.000
060 03 9.325 0.890 0.469 36.809 3937.0 0.000 187.052 433.573 5.000 100.005 100.000 50.000
060 03 9.330 0.895 0.473 37.137 3937.0 0.000 186.831 433.816 5.000 100.005 100.000 50.000
060 03 9.335 0.900 0.477 37.465 3937.0 0.000 186.608 434.057 5.000 100.005 100.000 50.000
060 03 9.340 0.905 0.481 37.794 3937.0 0.000 186.384 434.296 5.000 100.005 100.000 50.000
060 03 9.345 0.910 0.485 38.122 3937.0 0.000 186.158 434.534 5.000 100.005 100.000 50.000
060 03 9.350 0.915 0.490 38.450 3937.0 0.000 185.931 434.771 5.000 100.005 100.000 50.000
060 03 9.355 0.920 0.494 38.778 3937.0 0.000 185.702 435.006 5.000 100.005 100.000 50.000
060 03 9.360 0.925 0.498 39.106 3937.0 0.000 185.471 435.239 5.000 100.005 100.000 50.000
060 03 9.365 0.930 0.502 39.434 3937.0 0.000 185.239 435.471 5.000 100.005 100.000 50.000
060 03 9.370 0.935 0.506 39.762 3937.0 0.000 185.006 435.702 5.000 100.005 100.000 50.000
060 03 9.375 0.940 0.510 40.090 3937.0 0.000 184.771 435.931 5.000 100.005 100.000 50.000
060 03 9.380 0.945 0.515 40.418 3937.0 0.000 184.534 436.158 5.000 100.005 100.000 50.000
060 03 9.385 0.950 0.519 40.746 3937.0 0.000 184.296 436.384 5.000 100.005 100.000 50.000
060 03 9.390 0.955 0.523 41.074 3937.0 0.000 184.057 436.608 5.000 100.005 100.000 50.000
060 03 9.395 0.960 0.527 41.402 3937.0 0.000 183.816 436.831 5.000 100.005 100.000 50.000
060 03 9.400 0.965 0.531 41.731 3937.0 0.000 183.573 437.052 5.000 100.005 100.000 50.000
060 03 9.405 0.970 0.536 42.059 3937.0 0.000 183.329 437.271 5.000 100.005 100.000 50.000
060 03 9.410 0.975 0.540 42.387 3937.0 0.000 183.084 437.489 5.000 100.005 100.000 50.000
060 03 9.415 0.980 0.544 42.715 3937.0 0.000 182.838 437.705 5.000 100.005 100.000 50.000
060 03 9.420 0.985 0.548 43.043 3937.0 0.000 182.589 437.920 5.000 100.005 100.000 50.000
060 03 9.425 0.990 0.552 43.371 3937.0 0.000 182.340 438.133 5.000 100.005 100.000 50.000
060 03 9.430 0.995 0.556 43.699 3937.0 0.000 182.089 438.344 5.000 100.005 100.000 50.000
060 03 9.435 1.000 0.561 44.027 3937.0 0.000 181.837 438.554 5.000 100.005 100.000 50.000
060 03 9.440 1.005 0.565 44.355 3937.0 0.000 181.583 438.762 5.000 100.005 100.000 50.000
060 03 9.445 1.010 0.569 44.683 3937.0 0.000 181.328 438.969 5.000 100.005 100.000 50.000
060 03 9.450 1.015 0.573 45.011 3937.0 0.000 181.072 439.173 5.000 100.005 100.000 50.000
060 03 9.455 1.020 0.577 45.339 3937.0 0.000 180.814 439.376 5.000 100.005 100.000 50.000
060 03 9.460 1.025 0.581 45.667 3937.0 0.000 180.555 439.578 5.000 100.005 100.000 50.000
060 03 9.465 1.030 0.586 45.996 3937.0 0.000 180.295 439.777 5.000 100.005 100.000 50.000
060 03 9.470 1.035 0.590 46.324 3937.0 0.000 180.033 439.975 5.000 100.005 100.000 50.000
060 03 9.475 1.040 0.594 46.652 3937.0 0.000 179.770 440.172 5.000 100.005 100.000 50.000
060 03 9.480 1.045 0.598 46.980 3937.0 0.000 179.506 440.366 5.000 100.005 100.000 50.000
060 03 9.485 1.050 0.602 47.308 3937.0 0.000 179.240 440.559 5.000 100.005 100.000 50.000
060 03 9.490 1.055 0.607 47.636 3937.0 0.000 178.973 440.750 5.000 100.005 100.000 50.000
060 03 9.495 1.060 0.611 47.964 3937.0 0.000 178.705 440.939 5.000 100.005 100.000 50.000
060 03 9.500 1.065 0.615 48.292 3937.0 0.000 178.436 441.126 5.000 100.005 100.000 50.000
060 03 9.505 1.070 0.619 48.620 3937.0 0.000 178.166 441.312 5.000 100.005 100.000 50.000
060 03 9.510 1.075 0.623 48.948 3937.0 0.000 177.894 441.496 5.000 100.005 100.000 50.000
060 03 9.515 1.080 0.627 49.276 3937.0 0.000 177.621 441.678 5.000 100.005 100.000 50.000
060 03 9.520 1.085 0.632 49.604 3937.0 0.000 177.347 441.858 5.000 100.005 100.000 50.000
060 03 9.525 1.090 0.636 49.932 3937.0 0.000 177.072 442.037 5.000 100.005 100.000 50.000
060 03 9.530 1.095 0.640 50.261 3937.0 0.000 176.795 442.214 5.000 100.005 100.000 50.000
060 03 9.535 1.100 0.644 50.589 3937.0 0.000 176.518 442.389 5.000 100.005 100.000 50.000
060 03 9.540 1.105 0.648 50.917 3937.0 0.000 176.239 442.562 5.000 100.005 100.000 50.000
060 03 9.545 1.110 0.652 51.245 3937.0 0.000 175.959 442.733 5.000 100.005 100.000 50.000
060 03 9.550 1.115 0.657 51.573 3937.0 0.000 175.678 442.902 5.000 100.005 100.000 50.000
060 03 9.555 1.120 0.661 51.901 3937.0 0.000 175.396 443.070 5.000 100.005 100.000 50.000
060 03 9.560 1.125 0.665 52.229 3937.0 0.000 175.113 443.236 5.000 100.005 100.000 50.000
060 03 9.565 1.130 0.669 52.557 3937.0 0.000 174.829 443.400 5.000 100.005 100.000 50.000
060 03 9.570 1.135 0.673 52.885 3937.0 0.000 174.544 443.562 5.000 100.005 100.000 50.000
060 03 9.575 1.140 0.678 53.213 3937.0 0.000 174.257 443.722 5.000 100.005 100.000 50.000
060 03 9.580 1.145 0.682 53.541 3937.0 0.000 173.970 443.880 5.000 100.005 100.000 50.000
060 03 9.585 1.150 0.686 53.869 3937.0 0.000 173.681 444.036 5.000 100.005 100.000 50.000
060 03 9.590 1.155 0.690 54.198 3937.0 0.000 173.392 444.191 5.000 100.005 100.000 50.000
060 03 9.595 1.160 0.694 54.526 3937.0 0.000 173.102 444.343 5.000 100.005 100.000 50.000
060 03 9.600 1.165 0.698 54.854 3937.0 0.000 172.810 444.494 5.000 100.005 100.000 50.000
060 03 9.605 1.170 0.703 55.182 3937.0 0.000 172.518 444.643 5.000 100.005 100.000 50.000
060 03 9.610 1.175 0.707 55.510 3937.0 0.000 172.224 444.789 5.000 100.005 100.000 50.000
060 03 9.615 1.180 0.711 55.838 3937.0 0.000 171.930 444.934 5.000 100.005 100.000 50.000
060 03 9.620 1.185 0.715 56.166 3937.0 0.000 171.635 445.077 5.000 100.005 100.000 50.000
060 03 9.625 1.190 0.719 56.494 3937.0 0.000 171.338 445.218 5.000 100.005 100.000 50.000
060 03 9.630 1.195 0.723 56.822 3937.0 0.000 171.041 445.357 5.000 100.005 100.000 50.000
060 03 9.635 1.200 0.728 57.150 3918.8 -99.715 170.744 445.494 5.000 100.005 100.000 50.000
060 03 9.640 1.205 0.732 57.475 3888.9 -99.715 170.447 445.628 5.000 100.005 100.000 50.000
060 03 9.645 1.210 0.736 57.798 3859.0 -99.715 170.152 445.759 5.000 100.005 100.000 50.000
060 03 9.650 1.215 0.740 58.118 3829.0 -99.715 169.858 445.887 5.000 100.005 100.000 50.000
060 03 9.655 1.220 0.744 58.436 3799.1 -99.715 169.566 446.013 5.000 100.005 100.000 50.000
060 03 9.660 1.225 0.748 58.751 3769.2 -99.715 169.276 446.135 5.000 100.005 100.000 50.000
060 03 9.665 1.230 0.752 59.064 3739.3 -99.715 168.987 446.255 5.000 100.005 100.000 50.000
060 03 9.670 1.235 0.756 59.375 3709.4 -99.715 168.699 446.372 5.000 100.005 100.000 50.000
060 03 9.675 1.240 0.760 59.683 3679.5 -99.715 168.413 446.486 5.000 100.005 100.000 50.000
060 03 9.680 1.245 0.764 59.988 3649.6 -99.715 168.129 446.598 5.000 100.005 100.000 50.000
060 03 9.685 1.250 0.768 60.291 3619.6 -99.715 167.847 446.707 5.000 100.005 100.000 50.000
060 03 9.690 1.255 0.771 60.591 3589.7 -99.715 167.566 446.813 5.000 100.005 100.000 50.000
060 03 9.695 1.260 0.775 60.889 3559.8 -99.715 167.286 446.917 5.000 100.005 100.000 50.000
060 03 9.700 1.265 0.779 61.184 3529.9 -99.715 167.009 447.018 5.000 100.005 100.000 50.000
060 03 9.705 1.270 0.783 61.477 3500.0 -99.715 166.733 447.117 5.000 100.005 100.000 50.000
060 03 9.710 1.275 0.786 61.768 3470.1 -99.715 166.459 447.213 5.000 100.005 100.000 50.000
060 03 9.715 1.280 0.790 62.056 3440.2 -99.715 166.187 447.307 5.000 100.005 100.000 50.000
060 03 9.720 1.285 0.794 62.341 3410.2 -99.715 165.917 447.399 5.000 100.005 100.000 50.000
060 03 9.725 1.290 0.797 62.624 3380.3 -99.715 165.648 447.488 5.000 100.005 100.000 50.000
060 03 9.730 1.295 0.801 62.905 3350.4 -99.715 165.382 447.575 5.000 100.005 100.000 50.000
060 03 9.735 1.300 0.804 63.183 3320.5 -99.715 165.117 447.660 5.000 100.005 100.000 50.000
060 03 9.740 1.305 0.808 63.458 3290.6 -99.715 164.854 447.743 5.000 100.005 100.000 50.000
060 03 9.745 1.310 0.811 63.731 3260.7 -99.715 164.593 447.823 5.000 100.005 100.000 50.000
060 03 9.750 1.315 0.815 64.001 3230.8 -99.715 164.334 447.901 5.000 100.005 100.000 50.000
060 03 9.755 1.320 0.818 64.269 3200.8 -99.715 164.077 447.977 5.000 100.005 100.000 50.000
060 03 9.760 1.325 0.822 64.535 3170.9 -99.715 163.823 448.051 5.000 100.005 100.000 50.000
060 03 9.765 1.330 0.825 64.798 3141.0 -99.715 163.570 448.123 5.000 100.005 100.000 50.000
060 03 9.770 1.335 0.828 65.058 3111.1 -99.715 163.319 448.193 5.000 100.005 100.000 50.000
060 03 9.775 1.340 0.832 65.316 3081.2 -99.715 163.070 448.262 5.000 100.005 100.000 50.000
060 03 9.780 1.345 0.835 65.572 3051.3 -99.715 162.823 448.328 5.000 100.005 100.000 50.000
060 03 9.785 1.350 0.838 65.825 3021.4 -99.715 162.578 448.392 5.000 100.005 100.000 50.000
060 03 9.790 1.355 0.841 66.075 2991.4 -99.715 162.336 448.454 5.000 100.005 100.000 50.000
060 03 9.795 1.360 0.844 66.324 2961.5 -99.715 162.095 448.515 5.000 100.005 100.000 50.000
060 03 9.800 1.365 0.848 66.569 2931.6 -99.715 161.857 448.574 5.000 100.005 100.000 50.000
060 03 9.805 1.370 0.851 66.812 2901.7 -99.715 161.620 448.631 5.000 100.005 100.000 50.000
060 03 9.810 1.375 0.854 67.053 2871.8 -99.715 161.386 448.686 5.000 100.005 100.000 50.000
060 03 9.815 1.380 0.857 67.291 2841.9 -99.715 161.154 448.740 5.000 100.005 100.000 50.000
060 03 9.820 1.385 0.860 67.526 2812.0 -99.715 160.925 448.792 5.000 100.005 100.000 50.000
060 03 9.825 1.390 0.863 67.759 2782.0 -99.715 160.697 448.842 5.000 100.005 100.000 50.000
060 03 9.830 1.395 0.866 67.990 2752.1 -99.715 160.472 448.891 5.000 100.005 100.000 50.000
060 03 9.835 1.400 0.869 68.218 2722.2 -99.715 160.249 448.938 5.000 100.005 100.000 50.000
060 03 9.840 1.405 0.871 68.444 2692.3 -99.715 160.028 448.984 5.000 100.005 100.000 50.000
060 03 9.845 1.410 0.874 68.667 2662.4 -99.715 159.809 449.028 5.000 100.005 100.000 50.000
060 03 9.850 1.415 0.877 68.887 2632.5 -99.715 159.593 449.071 5.000 100.005 100.000 50.000
060 03 9.855 1.420 0.880 69.106 2602.6 -99.715 159.378 449.113 5.000 100.005 100.000 50.000
060 03 9.860 1.425 0.883 69.321 2572.6 -99.715 159.166 449.153 5.000 100.005 100.000 50.000
060 03 9.865 1.430 0.885 69.534 2542.7 -99.715 158.957 449.191 5.000 100.005 100.000 50.000
060 03 9.870 1.435 0.888 69.745 2512.8 -99.715 158.750 449.229 5.000 100.005 100.000 50.000
060 03 9.875 1.440 0.891 69.953 2482.9 -99.715 158.545 449.265 5.000 100.005 100.000 50.000
060 03 9.880 1.445 0.893 70.159 2453.0 -99.715 158.342 449.299 5.000 100.005 100.000 50.000
060 03 9.885 1.450 0.896 70.362 2423.1 -99.715 158.141 449.333 5.000 100.005 100.000 50.000
060 03 9.890 1.455 0.898 70.563 2393.2 -99.715 157.943 449.365 5.000 100.005 100.000 50.000
060 03 9.895 1.460 0.901 70.761 2363.2 -99.715 157.748 449.396 5.000 100.005 100.000 50.000
060 03 9.900 1.465 0.903 70.957 2333.3 -99.715 157.554 449.426 5.000 100.005 100.000 50.000
060 03 9.905 1.470 0.906 71.150 2303.4 -99.715 157.363 449.455 5.000 100.005 100.000 50.000
060 03 9.910 1.475 0.908 71.340 2273.5 -99.715 157.175 449.483 5.000 100.005 100.000 50.000
060 03 9.915 1.480 0.911 71.529 2243.6 -99.715 156.988 449.509 5.000 100.005 100.000 50.000
060 03 9.920 1.485 0.913 71.714 2213.7 -99.715 156.804 449.535 5.000 100.005 100.000 50.000
060 03 9.925 1.490 0.915 71.898 2183.8 -99.715 156.623 449.559 5.000 100.005 100.000 50.000
060 03 9.930 1.495 0.918 72.078 2153.8 -99.715 156.444 449.583 5.000 100.005 100.000 50.000
060 03 9.935 1.500 0.920 72.257 2123.9 -99.715 156.267 449.606 5.000 100.005 100.000 50.000
060 03 9.940 1.505 0.922 72.432 2094.0 -99.715 156.092 449.627 5.000 100.005 100.000 50.000
060 03 9.945 1.510 0.924 72.606 2064.1 -99.715 155.920 449.648 5.000 100.005 100.000 50.000
060 03 9.950 1.515 0.927 72.776 2034.2 -99.715 155.751 449.668 5.000 100.005 100.000 50.000
060 03 9.955 1.520 0.929 72.945 2004.3 -99.715 155.584 449.687 5.000 100.005 100.000 50.000
060 03 9.960 1.525 0.931 73.110 1974.3 -99.715 155.419 449.705 5.000 100.005 100.000 50.000
060 03 9.965 1.530 0.933 73.274 1944.4 -99.715 155.256 449.723 5.000 100.005 100.000 50.000
060 03 9.970 1.535 0.935 73.434 1914.5 -99.715 155.097 449.740 5.000 100.005 100.000 50.000
060 03 9.975 1.540 0.937 73.593 1884.6 -99.715 154.939 449.755 5.000 100.005 100.000 50.000
060 03 9.980 1.545 0.939 73.749 1854.7 -99.715 154.784 449.771 5.000 100.005 100.000 50.000
060 03 9.985 1.550 0.941 73.902 1824.8 -99.715 154.631 449.785 5.000 100.005 100.000 50.000
060 03 9.990 1.555 0.943 74.053 1794.9 -99.715 154.481 449.799 5.000 100.005 100.000 50.000
060 03 9.995 1.560 0.945 74.201 1764.9 -99.715 154.333 449.812 5.000 100.005 100.000 50.000
060 03 10.000 1.565 0.947 74.347 1735.0 -99.715 154.188 449.824 5.000 100.005 100.000 50.000
060 03 10.005 1.570 0.948 74.490 1705.1 -99.715 154.045 449.836 5.000 100.005 100.000 50.000
060 03 10.010 1.575 0.950 74.631 1675.2 -99.715 153.905 449.847 5.000 100.005 100.000 50.000
060 03 10.015 1.580 0.952 74.769 1645.3 -99.715 153.767 449.858 5.000 100.005 100.000 50.000
060 03 10.020 1.585 0.954 74.905 1615.4 -99.715 153.631 449.868 5.000 100.005 100.000 50.000
060 03 10.025 1.590 0.955 75.039 1585.5 -99.715 153.498 449.877 5.000 100.005 100.000 50.000
060 03 10.030 1.595 0.957 75.169 1555.5 -99.715 153.368 449.886 5.000 100.005 100.000 50.000
060 03 10.035 1.600 0.959 75.298 1525.6 -99.715 153.240 449.895 5.000 100.005 100.000 50.000
060 03 10.040 1.605 0.960 75.424 1495.7 -99.715 153.114 449.903 5.000 100.005 100.000 50.000
060 03 10.045 1.610 0.962 75.547 1465.8 -99.715 152.991 449.910 5.000 100.005 100.000 50.000
060 03 10.050 1.615 0.963 75.668 1435.9 -99.715 152.870 449.918 5.000 100.005 100.000 50.000
060 03 10.055 1.620 0.965 75.786 1406.0 -99.715 152.752 449.924 5.000 100.005 100.000 50.000
060 03 10.060 1.625 0.966 75.902 1376.1 -99.715 152.636 449.930 5.000 100.005 100.000 50.000
060 03 10.065 1.630 0.968 76.016 1346.1 -99.715 152.523 449.936 5.000 100.005 100.000 50.000
060 03 10.070 1.635 0.969 76.127 1316.2 -99.715 152.412 449.942 5.000 100.005 100.000 50.000
060 03 10.075 1.640 0.971 76.235 1286.3 -99.715 152.304 449.947 5.000 100.005 100.000 50.000
060 03 10.080 1.645 0.972 76.341 1256.4 -99.715 152.198 449.952 5.000 100.005 100.000 50.000
060 03 10.085 1.650 0.973 76.445 1226.5 -99.715 152.095 449.956 5.000 100.005 100.000 50.000
060 03 10.090 1.655 0.975 76.546 1196.6 -99.715 151.994 449.960 5.000 100.005 100.000 50.000
060 03 10.095 1.660 0.976 76.644 1166.7 -99.715 151.895 449.964 5.000 100.005 100.000 50.000
060 03 10.100 1.665 0.977 76.740 1136.7 -99.715 151.799 449.968 5.000 100.005 100.000 50.000
060 03 10.105 1.670 0.978 76.833 1106.8 -99.715 151.706 449.971 5.000 100.005 100.000 50.000
060 03 10.110 1.675 0.979 76.924 1076.9 -99.715 151.615 449.974 5.000 100.005 100.000 50.000
060 03 10.115 1.680 0.981 77.013 1047.0 -99.715 151.527 449.977 5.000 100.005 100.000 50.000
060 03 10.120 1.685 0.982 77.099 1017.1 -99.715 151.441 449.979 5.000 100.005 100.000 50.000
060 03 10.125 1.690 0.983 77.182 987.2 -99.715 151.357 449.982 5.000 100.005 100.000 50.000
060 03 10.130 1.695 0.984 77.263 957.3 -99.715 151.276 449.984 5.000 100.005 100.000 50.000
060 03 10.135 1.700 0.985 77.342 927.3 -99.715 151.198 449.986 5.000 100.005 100.000 50.000
060 03 10.140 1.705 0.986 77.418 897.4 -99.715 151.122 449.987 5.000 100.005 100.000 50.000
060 03 10.145 1.710 0.987 77.492 867.5 -99.715 151.048 449.989 5.000 100.005 100.000 50.000
060 03 10.150 1.715 0.988 77.563 837.6 -99.715 150.977 449.990 5.000 100.005 100.000 50.000
060 03 10.155 1.720 0.988 77.631 807.7 -99.715 150.909 449.992 5.000 100.005 100.000 50.000
060 03 10.160 1.725 0.989 77.697 777.8 -99.715 150.843 449.993 5.000 100.005 100.000 50.000
060 03 10.165 1.730 0.990 77.761 747.9 -99.715 150.779 449.994 5.000 100.005 100.000 50.000
060 03 10.170 1.735 0.991 77.822 717.9 -99.715 150.718 449.995 5.000 100.005 100.000 50.000
060 03 10.175 1.740 0.992 77.880 688.0 -99.715 150.659 449.996 5.000 100.005 100.000 50.000
060 03 10.180 1.745 0.992 77.937 658.1 -99.715 150.603 449.996 5.000 100.005 100.000 50.000
060 03 10.185 1.750 0.993 77.990 628.2 -99.715 150.550 449.997 5.000 100.005 100.000 50.000
060 03 10.190 1.755 0.994 78.041 598.3 -99.715 150.499 449.998 5.000 100.005 100.000 50.000
060 03 10.195 1.760 0.994 78.090 568.4 -99.715 150.450 449.998 5.000 100.005 100.000 50.000
060 03 10.200 1.765 0.995 78.136 538.5 -99.715 150.404 449.998 5.000 100.005 100.000 50.000
060 03 10.205 1.770 0.995 78.180 508.5 -99.715 150.360 449.999 5.000 100.005 100.000 50.000
060 03 10.210 1.775 0.996 78.221 478.6 -99.715 150.319 449.999 5.000 100.005 100.000 50.000
060 03 10.215 1.780 0.996 78.259 448.7 -99.715 150.280 449.999 5.000 100.005 100.000 50.000
060 03 10.220 1.785 0.997 78.296 418.8 -99.715 150.244 449.999 5.000 100.005 100.000 50.000
060 03 10.225 1.790 0.997 78.329 388.9 -99.715 150.211 450.000 5.000 100.005 100.000 50.000
060 03 10.230 1.795 0.998 78.360 359.0 -99.715 150.179 450.000 5.000 100.005 100.000 50.000
060 03 10.235 1.800 0.998 78.389 329.1 -99.715 150.151 450.000 5.000 100.005 100.000 50.000
060 03 10.240 1.805 0.998 78.415 299.1 -99.715 150.125 450.000 5.000 100.005 100.000 50.000
060 03 10.245 1.810 0.999 78.439 269.2 -99.715 150.101 450.000 5.000 100.005 100.000 50.000
060 03 10.250 1.815 0.999 78.460 239.3 -99.715 150.080 450.000 5.000 100.005 100.000 50.000
060 03 10.255 1.820 0.999 78.479 209.4 -99.715 150.061 450.000 5.000 100.005 100.000 50.000
060 03 10.260 1.825 0.999 78.495 179.5 -99.715 150.045 450.000 5.000 100.005 100.000 50.000
060 03 10.265 1.830 1.000 78.509 149.6 -99.715 150.031 450.000 5.000 100.005 100.000 50.000
060 03 10.270 1.835 1.000 78.520 119.7 -99.715 150.020 450.000 5.000 100.005 100.000 50.000
060 03 10.275 1.840 1.000 78.529 89.7 -99.715 150.011 450.000 5.000 100.005 100.000 50.000
060 03 10.280 1.845 1.000 78.535 59.8 -99.715 150.005 450.000 5.000 100.005 100.000 50.000
060 03 10.285 1.850 1.000 78.539 29.9 -99.715 150.001 450.000 5.000 100.005 100.000 50.000
060 03 10.290 1.855 1.000 78.540 0.0 -99.715 150.000 450.000 5.000 100.005 100.000 50.000
060 03 10.295 1.860 0.013 1.000 0.0 0.000 199.990 401.000 5.000 100.005 100.000 50.000
